,loss,accuracy,precision,recall,auc_pr,auc_roc,f1_score,val_loss,val_accuracy,val_precision,val_recall,val_auc_pr,val_auc_roc,val_f1_score
0,1.8804324865341187,0.2882488965988159,0.6230283975601196,0.07403010874986649,0.2939753830432892,0.7025375962257385,"[0.20183969 0.25509983 0.12156719 0.22091445 0.19072501 0.36159715
 0.27637568 0.60064214]",1.5579991340637207,0.44225072860717773,0.8395904302597046,0.12142152339220047,0.47975239157676697,0.8134236931800842,"[0.14285715 0.2366864  0.01731602 0.04026846 0.24603175 0.71906835
 0.12756264 0.34146342]"
1,1.6709966659545898,0.3525332808494568,0.748235285282135,0.09933154284954071,0.3852653503417969,0.7789140939712524,"[0.24255095 0.3032663  0.09386829 0.31569466 0.33432987 0.42735484
 0.30866143 0.707811  ]",1.3638266324996948,0.5029615163803101,0.7769230604171753,0.24925962090492249,0.5483758449554443,0.8627722263336182,"[0.15384616 0.34447297 0.06271777 0.04938271 0.41018388 0.7430521
 0.11363636 0.29411763]"
2,1.5860129594802856,0.39251577854156494,0.7431021332740784,0.12450803071260452,0.42837950587272644,0.8057264089584351,"[0.25757176 0.37710717 0.14837193 0.39921722 0.38706493 0.4560855
 0.29390496 0.7466863 ]",1.238258719444275,0.5607107877731323,0.8259629011154175,0.2857848107814789,0.6170379519462585,0.8913189768791199,"[0.14736843 0.41247    0.17777777 0.07692308 0.43758765 0.770591
 0.14814815 0.31460676]"
3,1.5241165161132812,0.4160679578781128,0.7399408221244812,0.15624414384365082,0.46068426966667175,0.8232791423797607,"[0.29804724 0.4054388  0.18416904 0.4475089  0.41095188 0.47305238
 0.2609409  0.77244055]",1.499106764793396,0.48914116621017456,0.7993730306625366,0.12586377561092377,0.5008017420768738,0.8333168029785156,"[0.26666665 0.5102975  0.18567641 0.04878049 0.43843845 0.65361804
 0.         0.2909091 ]"
4,1.4972223043441772,0.427500456571579,0.7206488251686096,0.17486099898815155,0.4705013632774353,0.8303144574165344,"[0.33381996 0.41760904 0.18740302 0.4795778  0.41382867 0.48940465
 0.253886   0.7705201 ]",1.283052921295166,0.5503454804420471,0.8454861044883728,0.2403751164674759,0.5980476140975952,0.8832488059997559,"[0.34355828 0.4766355  0.24411136 0.10062893 0.4491979  0.76696473
 0.12068966 0.45714283]"
5,1.4752389192581177,0.4313737750053406,0.7312484383583069,0.17967139184474945,0.48218196630477905,0.8352665901184082,"[0.3063852  0.4227578  0.21006691 0.49090064 0.40517697 0.50559276
 0.26878613 0.77428854]",1.1968342065811157,0.5962487459182739,0.8888888955116272,0.25666338205337524,0.6589503288269043,0.9045285582542419,"[0.2037037  0.544901   0.2531646  0.15686275 0.4470588  0.7857839
 0.03448276 0.4727273 ]"
6,1.4558264017105103,0.44574248790740967,0.7269076108932495,0.19222840666770935,0.4967438876628876,0.8403877019882202,"[0.3542774  0.43786982 0.23542793 0.50906485 0.41584158 0.5221001
 0.2182836  0.79723394]",1.1701940298080444,0.6090819239616394,0.855093240737915,0.2941757142543793,0.6583402752876282,0.9075660109519958,"[0.13333334 0.56301147 0.21445222 0.18518518 0.4874446  0.79481024
 0.04166667 0.38709676]"
7,1.4333354234695435,0.45024052262306213,0.7250224947929382,0.2012869417667389,0.5034910440444946,0.8461387157440186,"[0.3306081  0.44636542 0.24698451 0.5343011  0.4012589  0.5058619
 0.26136023 0.8033431 ]",1.1664502620697021,0.5918065309524536,0.8361075520515442,0.3223099708557129,0.6409703493118286,0.9045062065124512,"[0.19780222 0.5518454  0.19098143 0.04938272 0.46891192 0.7800098
 0.08000001 0.45070422]"
8,1.4319465160369873,0.4519897401332855,0.7190665006637573,0.20403572916984558,0.5030300617218018,0.8467694520950317,"[0.32400206 0.46303123 0.2299185  0.5264164  0.42502585 0.52101254
 0.26381984 0.78878134]",1.2115952968597412,0.5715696215629578,0.8401976823806763,0.25172755122184753,0.6278165578842163,0.8992921113967896,"[0.3        0.5714286  0.22510824 0.15       0.47188267 0.7523911
 0.125      0.5084746 ]"
9,1.4290616512298584,0.45436370372772217,0.7226553559303284,0.20266133546829224,0.5057940483093262,0.8470149636268616,"[0.3234543  0.461148   0.25182685 0.5381166  0.4221159  0.514201
 0.24413711 0.8057341 ]",1.4201544523239136,0.5113524198532104,0.7661470174789429,0.16979269683361053,0.5247300863265991,0.8523874878883362,"[0.3128492  0.53727144 0.23529412 0.05042017 0.44126984 0.6910145
 0.1010101  0.31858408]"
10,1.4250701665878296,0.4539888799190521,0.7348235845565796,0.20947085320949554,0.5106014013290405,0.8476930260658264,"[0.30930468 0.45707613 0.23897581 0.54419494 0.43337747 0.513834
 0.25103122 0.81294787]",1.2797232866287231,0.5444225072860718,0.8230088353157043,0.22951628267765045,0.5960908532142639,0.8839176297187805,"[0.31707317 0.55369127 0.22664015 0.10126583 0.49344456 0.7154286
 0.10344829 0.47619048]"
11,1.4148064851760864,0.46211034059524536,0.7274476289749146,0.21259449422359467,0.5150232911109924,0.8506000638008118,"[0.33152315 0.45917764 0.24719101 0.55798477 0.43537414 0.5194104
 0.25764707 0.8106523 ]",1.1926723718643188,0.5873642563819885,0.8587480187416077,0.2640671133995056,0.6340587735176086,0.9023812413215637,"[0.28       0.5660377  0.25403228 0.12903225 0.509434   0.7602339
 0.         0.44117647]"
12,1.4041677713394165,0.46117323637008667,0.7319415211677551,0.21902917325496674,0.5194262862205505,0.8527491688728333,"[0.32698652 0.4642998  0.24687934 0.55568695 0.42769313 0.52891743
 0.24251586 0.81922984]",1.1595590114593506,0.597235918045044,0.8517006635665894,0.3089832067489624,0.6543450951576233,0.9085760712623596,"[0.3030303  0.5667752  0.24369748 0.17391305 0.4555874  0.77498764
 0.         0.46874997]"
13,1.394781470298767,0.46779534220695496,0.7213615775108337,0.22109077870845795,0.5221678018569946,0.8549419045448303,"[0.35336047 0.47086802 0.26221365 0.56143665 0.41714132 0.52186656
 0.26497278 0.813857  ]",1.245661735534668,0.5671273469924927,0.8765957355499268,0.20335637032985687,0.6200396418571472,0.8937864303588867,"[0.30769232 0.56250006 0.27941176 0.125      0.46236557 0.73867977
 0.         0.46874997]"
14,1.389612078666687,0.4693571627140045,0.7199270725250244,0.22209033370018005,0.5256409049034119,0.8560943007469177,"[0.35943058 0.47152528 0.24986242 0.56088907 0.42783922 0.530303
 0.2491603  0.8231013 ]",1.2107162475585938,0.5592300295829773,0.8471760749816895,0.25172755122184753,0.6205308437347412,0.8979046940803528,"[0.31578946 0.56572384 0.22868218 0.14285715 0.4684899  0.7357456
 0.         0.4225352 ]"
15,1.3860968351364136,0.47248080372810364,0.7383139133453369,0.22596363723278046,0.5293853282928467,0.8565686345100403,"[0.36875924 0.46439257 0.27532327 0.57387584 0.43076923 0.5321783
 0.245625   0.8156288 ]",1.184751033782959,0.5774925947189331,0.8474576473236084,0.2961500585079193,0.6365143060684204,0.9006613492965698,"[0.34710744 0.5602969  0.253211   0.10752688 0.46857145 0.7632653
 0.04081633 0.4888889 ]"
16,1.4176075458526611,0.4577372372150421,0.7059299945831299,0.21790467202663422,0.5095930099487305,0.8498448729515076,"[0.36813986 0.45851088 0.24433883 0.5598474  0.4235718  0.51463413
 0.2297634  0.7908955 ]",1.235502004623413,0.5533069968223572,0.8696498274803162,0.22063179314136505,0.612008273601532,0.8947245478630066,"[0.22471912 0.58187604 0.25718608 0.12903225 0.44859812 0.73038673
 0.         0.5853659 ]"
17,1.4308598041534424,0.45617541670799255,0.7195387482643127,0.20659711956977844,0.5058354139328003,0.846935510635376,"[0.37784705 0.4571656  0.26406685 0.5603428  0.4107425  0.51189023
 0.21486007 0.77075595]",1.236339807510376,0.5493583679199219,0.8032000064849854,0.24777887761592865,0.5977787971496582,0.8923051357269287,"[0.3220339  0.55058044 0.24048097 0.12       0.465063   0.7188889
 0.11538462 0.42105266]"
18,1.439468264579773,0.45317673683166504,0.7243085503578186,0.2012244611978531,0.5035197734832764,0.8442763090133667,"[0.3835032  0.4501269  0.2584879  0.5469522  0.3988424  0.52761626
 0.19886553 0.7675351 ]",1.185117244720459,0.5616979002952576,0.82485032081604,0.2719644606113434,0.6256546974182129,0.9023306369781494,"[0.30088493 0.55787474 0.20416667 0.14285715 0.4699684  0.7362226
 0.         0.631579  ]"
19,1.421773910522461,0.45530080795288086,0.7117685675621033,0.20441056787967682,0.5047931671142578,0.8488212823867798,"[0.37423462 0.45272762 0.25484145 0.5550787  0.41370156 0.5173577
 0.2173077  0.7766357 ]",1.2435158491134644,0.5434353351593018,0.7568389177322388,0.2458045482635498,0.5832498669624329,0.8900337219238281,"[0.3206107  0.5609284  0.2172949  0.1        0.4627451  0.7113866
 0.08163265 0.42857143]"
20,1.4289841651916504,0.4556131660938263,0.7239480018615723,0.2052851915359497,0.5060940980911255,0.8468732237815857,"[0.39981338 0.44712391 0.24285309 0.5651256  0.40536278 0.51477414
 0.1995313  0.7768305 ]",1.1807329654693604,0.5661401748657227,0.8418674468994141,0.2759131193161011,0.6310839653015137,0.9026477336883545,"[0.31578946 0.53252035 0.2425373  0.1764706  0.470726   0.7432432
 0.06896552 0.6       ]"
21,1.4265484809875488,0.45692509412765503,0.7320218682289124,0.20922096073627472,0.5101156830787659,0.8469126224517822,"[0.389284   0.4546863  0.24162611 0.562323   0.41329405 0.51739866
 0.19709955 0.78468907]",1.2132748365402222,0.5651530027389526,0.818791925907135,0.2408687025308609,0.6073532700538635,0.8979758620262146,"[0.26086956 0.56347823 0.24242423 0.08333334 0.47950816 0.7291553
 0.         0.54999995]"
22,1.4155619144439697,0.4585493803024292,0.728085458278656,0.20859624445438385,0.5117291808128357,0.8500394821166992,"[0.39295197 0.45781755 0.25312242 0.5773683  0.40348563 0.5031753
 0.19297647 0.79042816]",1.2727084159851074,0.5227048397064209,0.8411017060279846,0.1959526091814041,0.5769278407096863,0.885246217250824,"[0.31428573 0.55028456 0.24190798 0.11320756 0.47639036 0.6836192
 0.0625     0.5945946 ]"
23,1.6999090909957886,0.3671518564224243,0.6423959136009216,0.15998446941375732,0.41039586067199707,0.7942078113555908,"[0.34007135 0.3539226  0.19634488 0.4123139  0.36661342 0.49948788
 0.14205112 0.6767063 ]",1.3491246700286865,0.49753206968307495,0.7571157217025757,0.19693978130817413,0.5314465761184692,0.8652020692825317,"[0.31292516 0.44806516 0.20522387 0.06349207 0.4210526  0.68174297
 0.02898551 0.5084746 ]"
24,1.5569394826889038,0.4121946692466736,0.6826516389846802,0.18142062425613403,0.4516527056694031,0.8157662153244019,"[0.36236426 0.39090732 0.22543031 0.4748451  0.38809034 0.4751328
 0.15854888 0.7375921 ]",1.2885674238204956,0.5187561511993408,0.7950963377952576,0.22408686578273773,0.5670016407966614,0.8787339329719543,"[0.2535211  0.4952381  0.22429907 0.07272728 0.43457943 0.7044578
 0.         0.5172414 ]"
25,1.495642066001892,0.4266258478164673,0.7059804797172546,0.18510651588439941,0.47408992052078247,0.830726146697998,"[0.35346234 0.4255654  0.22636184 0.49950346 0.38269988 0.49868643
 0.16459523 0.7643032 ]",1.256408929824829,0.5350444316864014,0.8039867281913757,0.23889437317848206,0.5865790247917175,0.885964572429657,"[0.26277375 0.5253283  0.23863636 0.07843138 0.44028103 0.7172489
 0.03174603 0.5555556 ]"
26,1.478431224822998,0.4288123846054077,0.708342969417572,0.19147872924804688,0.4814292788505554,0.8348788022994995,"[0.3713553  0.4147196  0.23085782 0.52892953 0.37743807 0.49855492
 0.16633531 0.7505618 ]",1.2490261793136597,0.5414609909057617,0.827464759349823,0.2319841980934143,0.5958775281906128,0.8887617588043213,"[0.31205675 0.54280514 0.25688073 0.13636364 0.4412811  0.71893984
 0.03174603 0.53571427]"
27,1.4539376497268677,0.4420565962791443,0.7227515578269958,0.19428999722003937,0.49215415120124817,0.8407312035560608,"[0.3812247  0.43128148 0.25006995 0.5425042  0.3819389  0.50982267
 0.18612409 0.7645885 ]",1.2285383939743042,0.5513326525688171,0.8370118737220764,0.24333661794662476,0.607021152973175,0.8931417465209961,"[0.34782606 0.5585585  0.2446602  0.12499999 0.44907403 0.72747254
 0.03448276 0.5555556 ]"
28,1.422518014907837,0.4518648087978363,0.7275415062904358,0.19985006749629974,0.5064366459846497,0.8482336401939392,"[0.3759434  0.43661973 0.26142344 0.5666747  0.39957607 0.5197115
 0.18626784 0.7765641 ]",1.2115460634231567,0.5562685132026672,0.8456485867500305,0.2541954517364502,0.6171528697013855,0.8967373967170715,"[0.3432836  0.56537104 0.2438095  0.1        0.4519906  0.7331507
 0.03508772 0.5882353 ]"
29,1.397034764289856,0.4616730213165283,0.7456297874450684,0.20784656703472137,0.518343448638916,0.8545026183128357,"[0.391109   0.4474868  0.2563523  0.5740341  0.4070937  0.5311757
 0.19021922 0.7974116 ]",1.195659875869751,0.5621914863586426,0.8499184250831604,0.25715696811676025,0.6259368062019348,0.9000645875930786,"[0.32000002 0.56216216 0.26335874 0.09090909 0.45296168 0.74142617
 0.03508772 0.6122449 ]"
30,1.3817743062973022,0.47079402208328247,0.7448137402534485,0.20859624445438385,0.5269875526428223,0.8585149645805359,"[0.39725703 0.46144858 0.25937414 0.592219   0.4095188  0.5438513
 0.19752237 0.80109674]",1.1894547939300537,0.5651530027389526,0.8545751571655273,0.2581441402435303,0.6308151483535767,0.9017789959907532,"[0.31147543 0.5724381  0.26792452 0.09523809 0.4540163  0.7427635
 0.03571429 0.65217394]"
31,1.3602046966552734,0.4739801287651062,0.7590149641036987,0.21565565466880798,0.5367680191993713,0.86302649974823,"[0.4022636  0.4616595  0.28283957 0.59779483 0.40768015 0.53870267
 0.20094086 0.80558324]",1.1859619617462158,0.5671273469924927,0.8604651093482971,0.2556762099266052,0.6341037154197693,0.9025969505310059,"[0.32258064 0.5684576  0.25730994 0.13636364 0.4602992  0.7468424
 0.03333334 0.68181825]"
32,1.3579994440078735,0.47754108905792236,0.7720898985862732,0.2167176902294159,0.539685845375061,0.8636780977249146,"[0.40009505 0.47270614 0.28011206 0.61877126 0.41155046 0.5386292
 0.20229267 0.8003003 ]",1.1693377494812012,0.5686081051826477,0.8614649772644043,0.2670286297798157,0.641030490398407,0.9055754542350769,"[0.3442623  0.5740072  0.26153848 0.10526316 0.45720723 0.7456332
 0.03571429 0.7142857 ]"
33,1.3304784297943115,0.4921596944332123,0.7805039882659912,0.2205909937620163,0.5549160838127136,0.8697647452354431,"[0.42870635 0.494527   0.28686637 0.6255786  0.41961992 0.5567503
 0.20745762 0.8062131 ]",1.1599068641662598,0.573050320148468,0.8707165122032166,0.2759131193161011,0.645358681678772,0.9071781039237976,"[0.33613446 0.5739437  0.25730994 0.10810811 0.4672686  0.75000006
 0.03636364 0.7142857 ]"
34,1.3256916999816895,0.4891609847545624,0.7757654190063477,0.22477665543556213,0.5558575987815857,0.8707844018936157,"[0.41296124 0.47371486 0.27342635 0.6380659  0.4269371  0.56677055
 0.19399378 0.81565094]",1.1622616052627563,0.572556734085083,0.8706070184707642,0.2690029740333557,0.6437472701072693,0.9066260457038879,"[0.32786888 0.573975   0.26266417 0.11428571 0.47533634 0.7494481
 0.03636364 0.7142857 ]"
35,1.3139681816101074,0.499031662940979,0.7762478590011597,0.2254013866186142,0.5605975985527039,0.8735805153846741,"[0.4399061  0.48508483 0.28346455 0.65128577 0.42396078 0.5624547
 0.20943134 0.828016  ]",1.1505330801010132,0.5829220414161682,0.880382776260376,0.2724580466747284,0.6515094637870789,0.9090204834938049,"[0.35       0.58467025 0.2703704  0.12121212 0.48156685 0.75982535
 0.03508772 0.7317073 ]"
36,1.303401231765747,0.4960329830646515,0.7832107543945312,0.22615106403827667,0.5649889707565308,0.8760051727294922,"[0.42023528 0.48270506 0.27941176 0.6560721  0.42923313 0.5727383
 0.19556172 0.82257664]",1.149862289428711,0.5769990086555481,0.88707035779953,0.2675222158432007,0.6516854166984558,0.9092559218406677,"[0.3275862  0.5790409  0.27889907 0.11764706 0.47488582 0.7535754
 0.03448276 0.7142857 ]"
37,1.2914464473724365,0.5002186298370361,0.7921443581581116,0.2330855280160904,0.5734995603561401,0.8783982396125793,"[0.42775938 0.5017395  0.28310502 0.664113   0.41182518 0.5633261
 0.20417951 0.83287114]",1.1457581520080566,0.5779861807823181,0.8769968152046204,0.27097728848457336,0.6508457660675049,0.9096305966377258,"[0.33333334 0.5921986  0.26565462 0.13333333 0.47639954 0.7517966
 0.03571429 0.7317073 ]"
38,1.2830486297607422,0.5053414106369019,0.7925847172737122,0.23371025919914246,0.5754485130310059,0.8805140852928162,"[0.4504589  0.49189296 0.2909091  0.6619047  0.43313423 0.56409
 0.22040258 0.8262934 ]",1.141049861907959,0.5809476971626282,0.8917608857154846,0.2724580466747284,0.6572717428207397,0.9107932448387146,"[0.34710744 0.5943061  0.26542056 0.12903225 0.4727273  0.75726026
 0.03571429 0.7619048 ]"
39,1.274412751197815,0.5087149143218994,0.7872252464294434,0.23714624345302582,0.5791121125221252,0.8824967741966248,"[0.42606637 0.5031128  0.3063878  0.67518336 0.42089012 0.57087934
 0.22337484 0.837386  ]",1.1397124528884888,0.5814412832260132,0.8926829099655151,0.27097728848457336,0.6560012102127075,0.9109767079353333,"[0.3865546  0.60714287 0.2694497  0.12903225 0.47420418 0.751938
 0.03636364 0.74418604]"
40,1.26369309425354,0.5140875577926636,0.7983057498931885,0.24726681411266327,0.5875014066696167,0.8845059275627136,"[0.4399719  0.5058014  0.29711372 0.70428574 0.42094454 0.5823643
 0.22115053 0.82903624]",1.131463646888733,0.5853899121284485,0.892799973487854,0.27541953325271606,0.66142737865448,0.9120706915855408,"[0.36363637 0.6075949  0.2747253  0.14285715 0.47694036 0.7586587
 0.03703704 0.7619048 ]"
41,1.2673664093017578,0.5113387703895569,0.7907648086547852,0.23964515328407288,0.5831171870231628,0.883892834186554,"[0.4370613  0.50826126 0.29711372 0.68047196 0.42561984 0.56702024
 0.2318151  0.83853257]",1.1211037635803223,0.5873642563819885,0.8941548466682434,0.27936822175979614,0.6673491597175598,0.9140346646308899,"[0.35897437 0.6032316  0.28298277 0.14285715 0.46599773 0.76268417
 0.03773585 0.72727275]"
42,1.2363603115081787,0.5233335494995117,0.8008056282997131,0.24839133024215698,0.5984171628952026,0.8908435702323914,"[0.437311   0.51427466 0.31020868 0.71493864 0.4428387  0.5873171
 0.22237523 0.84961087]",1.1241525411605835,0.5839091539382935,0.8943089246749878,0.2714708745479584,0.6653175950050354,0.9136376976966858,"[0.35294116 0.61071426 0.2623574  0.14814815 0.47639954 0.7573245
 0.03703704 0.7391304 ]"
43,1.2396011352539062,0.5197725892066956,0.7940298318862915,0.24926593899726868,0.5951107144355774,0.8898252844810486,"[0.4520167  0.514703   0.3079096  0.6995924  0.42801955 0.5767554
 0.2161223  0.84544784]",1.11415696144104,0.5947679877281189,0.8914728760719299,0.28381046652793884,0.6719492673873901,0.9151788949966431,"[0.37288135 0.6153846  0.2519084  0.14814815 0.490991   0.7691466
 0.04081633 0.7391304 ]"
44,1.2416372299194336,0.5235834121704102,0.7940126657485962,0.25020304322242737,0.5970084071159363,0.8893870115280151,"[0.44236177 0.5260498  0.31995478 0.69780886 0.43408027 0.58311284
 0.22206944 0.8490142 ]",1.1056556701660156,0.5962487459182739,0.89618319272995,0.2897334694862366,0.6754304766654968,0.9163457155227661,"[0.37606835 0.6181172  0.2608696  0.14285715 0.47955802 0.7719107
 0.04081633 0.7234042 ]"
45,1.2341481447219849,0.5209595561027527,0.7960306406021118,0.25307679176330566,0.5994540452957153,0.8909910917282104,"[0.42994153 0.5228104  0.3110612  0.71612126 0.42359668 0.5918913
 0.2141136  0.8461732 ]",1.1167839765548706,0.5947679877281189,0.9012739062309265,0.27936822175979614,0.6726469397544861,0.9148745536804199,"[0.36206895 0.62346756 0.26792452 0.13793103 0.48307    0.76906204
 0.03921569 0.7391304 ]"
46,1.2193603515625,0.5331417322158813,0.8021513819694519,0.2608858644962311,0.6084775924682617,0.8938198685646057,"[0.45181152 0.5233935  0.320802   0.7261961  0.44282368 0.5999508
 0.23287673 0.8562859 ]",1.104159951210022,0.5947679877281189,0.8883792161941528,0.2867719531059265,0.6761939525604248,0.9168534874916077,"[0.36842105 0.6241135  0.27756655 0.14814815 0.47619048 0.7662835
 0.04347826 0.7555556 ]"
47,1.211609125137329,0.5318922996520996,0.7988933324813843,0.26157307624816895,0.6098068356513977,0.8956373929977417,"[0.44240716 0.5353277  0.32308552 0.7142178  0.44335485 0.60150015
 0.23323013 0.85025126]",1.0964994430541992,0.600691020488739,0.8993993997573853,0.2956564724445343,0.6820937991142273,0.9178714752197266,"[0.37606835 0.6186292  0.27977318 0.14285715 0.48691693 0.77366704
 0.04166667 0.7727272 ]"
48,1.2092775106430054,0.5298306941986084,0.7959872484207153,0.26519647240638733,0.6099491119384766,0.8958120942115784,"[0.44872096 0.5307647  0.3035063  0.7252955  0.43190563 0.588981
 0.24520549 0.8567089 ]",1.1103423833847046,0.5878578424453735,0.8871715664863586,0.28331688046455383,0.6722755432128906,0.9154046773910522,"[0.4        0.6225403  0.268431   0.14814815 0.48172045 0.7558529
 0.04255319 0.7391304 ]"
49,1.2005648612976074,0.5380771160125732,0.7997362613677979,0.26519647240638733,0.616170346736908,0.8975959420204163,"[0.4538209  0.529458   0.3261538  0.7234043  0.4613003  0.5985437
 0.25008494 0.8618338 ]",1.084543228149414,0.6080947518348694,0.8905109763145447,0.301085889339447,0.6889688372612,0.9198533892631531,"[0.39316243 0.62765956 0.26853707 0.14285715 0.4837626  0.78387094
 0.04444445 0.7391304 ]"
50,1.1940796375274658,0.545011579990387,0.797224223613739,0.2763166129589081,0.6199601292610168,0.8987234830856323,"[0.4556962  0.5415433  0.32956475 0.7369416  0.4550076  0.6172179
 0.23797995 0.87044024]",1.0935858488082886,0.6031589508056641,0.8947368264198303,0.29368212819099426,0.6833016872406006,0.9182941317558289,"[0.39655176 0.63685155 0.2681992  0.13793103 0.4961581  0.77302635
 0.04347826 0.7555556 ]"
51,1.1911946535110474,0.5427000522613525,0.7912726998329163,0.2718810439109802,0.619633138179779,0.8993422389030457,"[0.47056097 0.541741   0.32658795 0.72942317 0.463843   0.6050339
 0.23796609 0.8570715 ]",1.0895216464996338,0.600197434425354,0.894049346446991,0.3040473759174347,0.6845190525054932,0.9185785055160522,"[0.40336138 0.63883847 0.2623574  0.13793103 0.48732087 0.77158475
 0.04347826 0.7727272 ]"
52,1.1874141693115234,0.5418879389762878,0.8023908734321594,0.2767539322376251,0.6234208345413208,0.8999410271644592,"[0.45961264 0.5383258  0.31785113 0.7480296  0.44467264 0.60475266
 0.267658   0.85532993]",1.0825297832489014,0.6076011657714844,0.8975468873977661,0.30700889229774475,0.6905542016029358,0.9198301434516907,"[0.41322312 0.6323268  0.26565462 0.13793103 0.48904264 0.78317153
 0.04444445 0.7391304 ]"
53,1.1808249950408936,0.5414506196975708,0.8015930652618408,0.2766289710998535,0.6241824626922607,0.9012468457221985,"[0.4564296  0.53745866 0.3249655  0.74619657 0.43585053 0.6050012
 0.26508474 0.8631208 ]",1.0777268409729004,0.6100690960884094,0.8968481421470642,0.3089832067489624,0.6911688446998596,0.9202842712402344,"[0.42016807 0.6348625  0.27586207 0.13793103 0.49665925 0.78138524
 0.08888889 0.7391304 ]"
54,1.1824713945388794,0.5410757660865784,0.7979671955108643,0.2795651853084564,0.6240098476409912,0.9008981585502625,"[0.45038703 0.5407879  0.32494408 0.74945956 0.4445009  0.5972391
 0.25987175 0.86328024]",1.074251413345337,0.6100690960884094,0.8985507488250732,0.30602172017097473,0.69473797082901,0.921044647693634,"[0.41666663 0.6231884  0.28195488 0.125      0.505669   0.78133476
 0.08333334 0.79069763]"
55,1.1713653802871704,0.5488848686218262,0.7979903221130371,0.28774911165237427,0.6308135390281677,0.9028453230857849,"[0.4688162  0.5453463  0.32541436 0.7512008  0.45177665 0.6157998
 0.27334234 0.86347604]",1.0789477825164795,0.600691020488739,0.8868175745010376,0.32872655987739563,0.6897574663162231,0.920099675655365,"[0.40000004 0.6231884  0.26792452 0.13333333 0.4961749  0.7732016
 0.04444445 0.7727272 ]"
56,1.1627029180526733,0.5545073747634888,0.8048272132873535,0.28956082463264465,0.636046826839447,0.9047684073448181,"[0.46437746 0.55172414 0.33117795 0.76712984 0.45912594 0.62085766
 0.26819405 0.8711223 ]",1.0739068984985352,0.601678192615509,0.8873038291931152,0.30700889229774475,0.6907199025154114,0.9206445813179016,"[0.40677965 0.6360294  0.25531915 0.14814815 0.49462366 0.7736987
 0.04347826 0.7555556 ]"
57,1.1584806442260742,0.551446259021759,0.80064857006073,0.2930592894554138,0.6370437741279602,0.905306875705719,"[0.47154096 0.55145174 0.33859792 0.7658136  0.45840845 0.6130061
 0.2472213  0.8650974 ]",1.0708644390106201,0.6090819239616394,0.8812260627746582,0.3405725657939911,0.6965558528900146,0.9213464856147766,"[0.42276424 0.6355476  0.2857143  0.15384614 0.49716225 0.7778381
 0.04255319 0.7555556 ]"
58,1.1591557264328003,0.5538826584815979,0.798432469367981,0.2927469313144684,0.636975884437561,0.9052383899688721,"[0.46285713 0.5671233  0.33025983 0.75471693 0.44877046 0.6150464
 0.27848932 0.8789261 ]",1.0602669715881348,0.6130306124687195,0.8840398788452148,0.3499506413936615,0.7007291913032532,0.9229456782341003,"[0.41666663 0.6438849  0.27915868 0.14285715 0.5005663  0.7811994
 0.08695652 0.7555556 ]"
59,1.1485838890075684,0.5558193325996399,0.7972365617752075,0.29918161034584045,0.6407716870307922,0.9073225855827332,"[0.4786885  0.5639604  0.33878887 0.7594386  0.4461179  0.60863173
 0.27710843 0.8781101 ]",1.0667911767959595,0.6080947518348694,0.8851010203361511,0.3460019826889038,0.6979633569717407,0.9219815731048584,"[0.42735043 0.63898915 0.27087197 0.15384614 0.4988864  0.77789927
 0.12765957 0.79069763]"
60,1.1321181058883667,0.5648154020309448,0.8010814189910889,0.3054288625717163,0.6483414769172668,0.9101953506469727,"[0.47137088 0.57069916 0.35831508 0.77759236 0.4561312  0.63567036
 0.2711526  0.8775923 ]",1.0667099952697754,0.6115498542785645,0.8777777552604675,0.3509378135204315,0.6982855200767517,0.9219977259635925,"[0.41025645 0.63620394 0.2835539  0.16       0.5028059  0.7814207
 0.04347826 0.7555556 ]"
61,1.144715666770935,0.5559442639350891,0.7994359731674194,0.30105578899383545,0.6430142521858215,0.907750129699707,"[0.46270782 0.54901963 0.34225196 0.76599854 0.45283988 0.6280146
 0.296875   0.86558867]",1.0680516958236694,0.6076011657714844,0.8771712183952332,0.3489634692668915,0.6976664066314697,0.9216424822807312,"[0.42016807 0.63957596 0.2661597  0.15384614 0.5093304  0.77551025
 0.04255319 0.7727272 ]"
62,1.1390113830566406,0.5621915459632874,0.8029161095619202,0.3061785399913788,0.6476197242736816,0.9086151719093323,"[0.46882325 0.56460285 0.3472988  0.7677451  0.45680594 0.63748163
 0.30350706 0.8691897 ]",1.06326162815094,0.6080947518348694,0.8767123222351074,0.34748271107673645,0.6997184157371521,0.9225689172744751,"[0.4262295  0.6498195  0.2787194  0.14814815 0.5        0.77497256
 0.04255319 0.7555556 ]"
63,1.131286859512329,0.5598800778388977,0.800129234790802,0.3093646466732025,0.6487852931022644,0.9099923968315125,"[0.47222868 0.5686117  0.33054158 0.7658335  0.46142092 0.6277088
 0.28505293 0.87286437]",1.0707658529281616,0.6076011657714844,0.8745341897010803,0.34748271107673645,0.6958751082420349,0.9212777018547058,"[0.42735043 0.6405694  0.26792452 0.16       0.5166846  0.77265143
 0.04347826 0.7727272 ]"
64,1.1203110218048096,0.5704379081726074,0.8056531548500061,0.3151746094226837,0.6561931371688843,0.912074863910675,"[0.4762355  0.5758832  0.34722987 0.7813775  0.46680388 0.6448413
 0.29237428 0.8825301 ]",1.0708407163619995,0.6076011657714844,0.8717632293701172,0.3489634692668915,0.6938495635986328,0.9206123352050781,"[0.4347826  0.64400715 0.27777776 0.14814815 0.52192515 0.7684564
 0.04545454 0.7727272 ]"
65,1.1135019063949585,0.5691884756088257,0.8072424530982971,0.3147372901439667,0.658418595790863,0.9134177565574646,"[0.47952944 0.57832295 0.3557355  0.7795219  0.4620139  0.6211519
 0.30865008 0.8849824 ]",1.0518615245819092,0.6125370264053345,0.8779621124267578,0.36574530601501465,0.7079219222068787,0.9245173931121826,"[0.42016807 0.63309354 0.28996283 0.13333333 0.5096701  0.78213507
 0.04166667 0.7391304 ]"
66,1.1093260049819946,0.5701255798339844,0.8006592392921448,0.3186730742454529,0.6600620150566101,0.9139779806137085,"[0.48011366 0.57760864 0.35560405 0.79000974 0.46277976 0.63779336
 0.28886724 0.8794936 ]",1.0507489442825317,0.6169792413711548,0.8785377144813538,0.3677196502685547,0.7069891095161438,0.9242597222328186,"[0.42372882 0.641577   0.2857143  0.14814815 0.51498336 0.78279805
 0.04255319 0.78260875]"
67,1.1081475019454956,0.5711876153945923,0.8022239804267883,0.31548696756362915,0.6603575944900513,0.9141841530799866,"[0.46957767 0.5868833  0.35864744 0.7839462  0.45661634 0.6366087
 0.2933507  0.8904075 ]",1.0535833835601807,0.6174728274345398,0.8809523582458496,0.36525171995162964,0.7057272791862488,0.9236938953399658,"[0.43333334 0.6524823  0.30303034 0.14814815 0.5154867  0.7788779
 0.04347826 0.7555556 ]"
68,1.106473684310913,0.5744986534118652,0.7926772832870483,0.3205472528934479,0.6595120429992676,0.914395809173584,"[0.47145575 0.5811215  0.37163275 0.78921807 0.4739974  0.63957167
 0.3011583  0.8836153 ]",1.0548901557922363,0.6110562682151794,0.8703703880310059,0.37117472290992737,0.7054489850997925,0.9235535264015198,"[0.4262295  0.6524823  0.2878788  0.14285715 0.50556797 0.77490366
 0.04081633 0.78260875]"
69,1.1050893068313599,0.5748110413551331,0.8005591630935669,0.3219841420650482,0.6620109677314758,0.9145111441612244,"[0.49583235 0.59029436 0.34380168 0.79243445 0.45384216 0.6328125
 0.3146357  0.88653016]",1.0578089952468872,0.6159921288490295,0.8735362887382507,0.3682132363319397,0.7036962509155273,0.9229704737663269,"[0.4262295  0.66310155 0.2878788  0.15384614 0.5164835  0.777225
 0.08000001 0.78260875]"
70,1.1027495861053467,0.5750609040260315,0.7989895939826965,0.32604485750198364,0.6626361608505249,0.914818286895752,"[0.48333335 0.5875124  0.36010927 0.79446733 0.45661634 0.63906795
 0.31178954 0.8825605 ]",1.0481739044189453,0.6145113706588745,0.8732876777648926,0.3775913119316101,0.7083256840705872,0.9241306781768799,"[0.41666663 0.6618962  0.2947761  0.15384614 0.5138427  0.77490366
 0.04255319 0.7727272 ]"
71,1.0949276685714722,0.5746860504150391,0.7982124090194702,0.32916849851608276,0.6661854386329651,0.9162192344665527,"[0.4806786  0.5832835  0.3431238  0.79366624 0.4693141  0.64375156
 0.30505183 0.8921914 ]",1.0483852624893188,0.6150049567222595,0.879391074180603,0.37068113684654236,0.7104631066322327,0.9245544075965881,"[0.4262295  0.6524823  0.3        0.14285715 0.5113122  0.77826566
 0.04166667 0.7727272 ]"
72,1.0929760932922363,0.5797463655471802,0.7963269352912903,0.3304804265499115,0.6673043370246887,0.9167218208312988,"[0.47252747 0.5920662  0.3710657  0.7980558  0.49627537 0.638454
 0.29851708 0.88454705]",1.050133228302002,0.6130306124687195,0.8674833178520203,0.38450148701667786,0.7064776420593262,0.9237314462661743,"[0.42276424 0.65729356 0.27809525 0.15384614 0.5132743  0.77575755
 0.04347826 0.7727272 ]"
73,1.0890753269195557,0.5827450752258301,0.7963489294052124,0.3324795365333557,0.669180154800415,0.9171006083488464,"[0.48385566 0.5913183  0.36563876 0.80583227 0.4756757  0.6552735
 0.32237473 0.88178587]",1.0347789525985718,0.6209279298782349,0.874454140663147,0.3953603208065033,0.715064525604248,0.9262746572494507,"[0.41599998 0.6642729  0.29827917 0.13793103 0.5147392  0.7845484
 0.03773585 0.79999995]"
74,1.0821257829666138,0.583682119846344,0.8019121885299683,0.335353285074234,0.6729590892791748,0.9183036684989929,"[0.47714287 0.59353024 0.3718189  0.8119288  0.47456753 0.64390004
 0.31759378 0.8989848 ]",1.0350210666656494,0.6169792413711548,0.8658798336982727,0.39832180738449097,0.7129039168357849,0.9259341359138489,"[0.42975205 0.6557971  0.29699248 0.14814815 0.5133333  0.7798466
 0.04166667 0.78260875]"
75,1.08012056350708,0.5831198692321777,0.7953035235404968,0.3364153206348419,0.6706668138504028,0.9186683297157288,"[0.4950542  0.60556006 0.36091453 0.8030266  0.4682826  0.64055187
 0.33774418 0.881183  ]",1.0341402292251587,0.6214215159416199,0.8690344095230103,0.3864758014678955,0.714592456817627,0.9263107776641846,"[0.42016807 0.6678832  0.29944548 0.15384614 0.51884705 0.78465754
 0.04081633 0.8095238 ]"
76,1.0756834745407104,0.589804470539093,0.7982288002967834,0.3378521800041199,0.6754346489906311,0.919192373752594,"[0.50383145 0.60316825 0.36694756 0.81420237 0.46666667 0.6388475
 0.35944414 0.8926411 ]",1.0365114212036133,0.6209279298782349,0.8715696930885315,0.3919052183628082,0.711821973323822,0.9256488680839539,"[0.41599998 0.6690518  0.29445508 0.14285715 0.5257393  0.7803532
 0.04081633 0.83720934]"
77,1.0669246912002563,0.5867432951927185,0.8018413186073303,0.3427875339984894,0.6790685653686523,0.9207644462585449,"[0.4875717  0.6055888  0.35663182 0.81769824 0.4775194  0.6386224
 0.34007585 0.88888884]",1.0355403423309326,0.625863790512085,0.8710033297538757,0.3899309039115906,0.7139832973480225,0.9260832071304321,"[0.43333334 0.6666667  0.30540034 0.15384614 0.52114284 0.78692096
 0.04166667 0.8181819 ]"
78,1.0747079849243164,0.5807459354400635,0.7918420433998108,0.3407883942127228,0.6723452806472778,0.9192252159118652,"[0.4765117  0.6021289  0.37294632 0.8014742  0.47231522 0.6425097
 0.3247916  0.8818737 ]",1.029241919517517,0.6224086880683899,0.8785557746887207,0.3963474929332733,0.7169151902198792,0.9268019795417786,"[0.42857143 0.68108106 0.29755178 0.14285715 0.5102041  0.78474116
 0.04       0.79999995]"
79,1.06098210811615,0.5850565433502197,0.796696126461029,0.34347471594810486,0.6785262823104858,0.9216848015785217,"[0.4803805  0.6028497  0.36683825 0.80304897 0.4821566  0.65003705
 0.33438286 0.8900709 ]",1.0394057035446167,0.6179664134979248,0.8628944754600525,0.3914116621017456,0.7106001973152161,0.9249690771102905,"[0.446281   0.6715064  0.2936803  0.14814815 0.5164835  0.77881974
 0.04081633 0.79069763]"
80,1.0729435682296753,0.5856812596321106,0.7894283533096313,0.34334978461265564,0.6748712062835693,0.9194114804267883,"[0.47930703 0.60567063 0.3755388  0.80862534 0.47405112 0.6496815
 0.32864732 0.8922764 ]",1.0306651592254639,0.625863790512085,0.8680257797241211,0.399308979511261,0.7164705395698547,0.9264506697654724,"[0.45       0.6726944  0.30540034 0.14285715 0.52183646 0.7868852
 0.04081633 0.8095238 ]"
81,1.066227674484253,0.5844942927360535,0.7858985662460327,0.34260010719299316,0.6758331060409546,0.9204624891281128,"[0.49476504 0.6132264  0.3606999  0.80088603 0.45838735 0.6394892
 0.35759977 0.88617265]",1.031691074371338,0.626850962638855,0.8613756895065308,0.40177690982818604,0.7148306369781494,0.9261714816093445,"[0.45       0.66906476 0.3097015  0.14814815 0.5278396  0.7866155
 0.04081633 0.79069763]"
82,1.0602893829345703,0.5896795392036438,0.7939719557762146,0.3505341410636902,0.6800352334976196,0.9213670492172241,"[0.49399903 0.60932475 0.364079   0.8107178  0.49426162 0.648379
 0.34170544 0.8868641 ]",1.0261638164520264,0.62635737657547,0.856249988079071,0.4057255685329437,0.7169874906539917,0.926825761795044,"[0.45       0.6738351  0.30210322 0.14285715 0.5262009  0.7848101
 0.04166667 0.85714287]"
83,1.0480546951293945,0.5983632206916809,0.8038747906684875,0.35771849751472473,0.6880588531494141,0.9235148429870605,"[0.49758223 0.6154467  0.3864315  0.8156235  0.4888889  0.6526576
 0.36912543 0.89362776]",1.0244989395141602,0.6243830323219299,0.8621761798858643,0.41066139936447144,0.7175813317298889,0.9269201755523682,"[0.43333334 0.66907775 0.29906544 0.14814815 0.5232816  0.7857534
 0.04255319 0.83720934]"
84,1.0499635934829712,0.5943024754524231,0.7977752685546875,0.3494721055030823,0.6847012639045715,0.9232680201530457,"[0.4889964  0.61846894 0.36611277 0.8186705  0.4858902  0.6612705
 0.3629131  0.884371  ]",1.0238662958145142,0.62635737657547,0.8594080209732056,0.401283323764801,0.7188935875892639,0.9272366166114807,"[0.44262296 0.6738351  0.31926605 0.13793103 0.52488685 0.7833242
 0.04081633 0.85714287]"
85,1.0394936800003052,0.5938026905059814,0.7981856465339661,0.3572811782360077,0.6874884366989136,0.9250090718269348,"[0.4921668  0.62074554 0.3699892  0.82416236 0.47709727 0.64759105
 0.36934444 0.88328236]",1.0180754661560059,0.6248766183853149,0.8676318526268005,0.4141164720058441,0.7209806442260742,0.927961528301239,"[0.45762712 0.6715596  0.30202577 0.13333333 0.52252257 0.78540295
 0.04       0.85714287]"
86,1.0459120273590088,0.6015493273735046,0.7975988984107971,0.3527831435203552,0.6877473592758179,0.9236879944801331,"[0.50432694 0.6242274  0.40201002 0.8164263  0.47778928 0.6605911
 0.37747338 0.8944005 ]",1.0215429067611694,0.6278380751609802,0.8622449040412903,0.4170779883861542,0.7193617224693298,0.9276173114776611,"[0.43333334 0.66784453 0.33024117 0.1818182  0.5218391  0.7845062
 0.04255319 0.8181819 ]"
87,1.038390040397644,0.5978634357452393,0.7975143194198608,0.35678139328956604,0.6896725296974182,0.924911618232727,"[0.5020697  0.6220329  0.38392618 0.81542563 0.49216774 0.6522496
 0.36052555 0.8892292 ]",1.019690990447998,0.6253702044487,0.861396312713623,0.4141164720058441,0.7199534177780151,0.9276812076568604,"[0.43333334 0.6630631  0.31444243 0.1764706  0.53061223 0.78442127
 0.04166667 0.83720934]"
88,1.0399792194366455,0.5974261164665222,0.7951605916023254,0.3572187125682831,0.6891347169876099,0.924403190612793,"[0.48159882 0.610197   0.39008617 0.82433087 0.49363866 0.66034913
 0.36792165 0.88911337]",1.0208587646484375,0.6243830323219299,0.8676318526268005,0.4141164720058441,0.7202057838439941,0.9274685382843018,"[0.44444445 0.67753625 0.31150445 0.13793103 0.52787256 0.7813186
 0.04255319 0.83720934]"
89,1.030341386795044,0.6042356491088867,0.804027795791626,0.36165428161621094,0.6955954432487488,0.926194429397583,"[0.49620378 0.62745094 0.38353196 0.8293281  0.4813108  0.672562
 0.3829659  0.8991339 ]",1.0150578022003174,0.6243830323219299,0.8631256222724915,0.4170779883861542,0.7217296957969666,0.9281765222549438,"[0.446281   0.6787659  0.3137255  0.12903225 0.52631575 0.7822271
 0.04081633 0.8095238 ]"
90,1.0340487957000732,0.5963016152381897,0.7956737279891968,0.36077967286109924,0.689521074295044,0.9254059195518494,"[0.49528417 0.62867576 0.38252848 0.81425434 0.47672924 0.6567164
 0.36347032 0.88729507]",1.0116513967514038,0.6322803497314453,0.857857882976532,0.4230009913444519,0.7235485911369324,0.9286988973617554,"[0.46153846 0.6812386  0.3116883  0.13333333 0.5282167  0.7908496
 0.11764707 0.8181819 ]"
91,1.0279672145843506,0.6049852967262268,0.8017969131469727,0.3679640293121338,0.6949686408042908,0.9263061285018921,"[0.500613   0.62952423 0.39492467 0.8239922  0.49678582 0.6636949
 0.37766933 0.892199  ]",1.0044301748275757,0.6342546939849854,0.869300901889801,0.4234945774078369,0.7277094721794128,0.9300389289855957,"[0.44827583 0.67266184 0.32000002 0.2        0.53410405 0.7932718
 0.08000001 0.8095238 ]"
92,1.0244663953781128,0.6033610105514526,0.7889733910560608,0.3629662096500397,0.6924430131912231,0.927000880241394,"[0.48941863 0.631579   0.39817792 0.8291964  0.48658508 0.6579078
 0.38669437 0.89114434]",1.0135260820388794,0.626850962638855,0.8552893996238708,0.4230009913444519,0.7219958901405334,0.9283602237701416,"[0.44067797 0.676259   0.3074074  0.2        0.53065777 0.78241754
 0.08163265 0.85714287]"
93,1.0266945362091064,0.6027362942695618,0.7983170747756958,0.36746424436569214,0.6946930289268494,0.9263737201690674,"[0.50122005 0.62817925 0.38718435 0.83283883 0.4783832  0.6470881
 0.39575347 0.8996681 ]",1.0085068941116333,0.62635737657547,0.8544921875,0.4318854808807373,0.7240657210350037,0.9292452335357666,"[0.34951457 0.67610615 0.30314234 0.16666667 0.5276212  0.78645545
 0.16949153 0.8095238 ]"
94,1.0323843955993652,0.6020491123199463,0.7934519052505493,0.3679015338420868,0.692442774772644,0.9253351092338562,"[0.49557084 0.6324924  0.39143565 0.81751466 0.48183653 0.6579608
 0.38987043 0.89342165]",1.0088255405426025,0.6298124194145203,0.851311981678009,0.4323790669441223,0.7243366837501526,0.9289634227752686,"[0.45       0.6867256  0.3111111  0.1875     0.5324232  0.78375417
 0.07692308 0.85714287]"
95,1.0204280614852905,0.6072968244552612,0.8001335263252258,0.37439870834350586,0.6984217762947083,0.9273511171340942,"[0.49566728 0.6455645  0.4018143  0.8287401  0.48472187 0.6562963
 0.39276177 0.8919808 ]",1.0014727115631104,0.6322803497314453,0.8493683338165283,0.4313918948173523,0.7269430160522461,0.9300559759140015,"[0.42477876 0.6787004  0.30740038 0.20689656 0.53452116 0.7897603
 0.07843138 0.8181819 ]"
96,1.0135263204574585,0.6068595051765442,0.8005118370056152,0.37127506732940674,0.698707103729248,0.9285189509391785,"[0.50110537 0.63312876 0.40352753 0.8238762  0.4932069  0.6578817
 0.3893175  0.8984039 ]",0.9980282187461853,0.6357354521751404,0.8522073030471802,0.43830206990242004,0.7308230996131897,0.9309506416320801,"[0.44247788 0.68571424 0.31539887 0.2        0.5359179  0.79130435
 0.07843138 0.85714287]"
97,1.0268158912658691,0.6050477623939514,0.7909454107284546,0.3710876405239105,0.6928408145904541,0.9259926080703735,"[0.4880383  0.62723076 0.4192     0.8302537  0.48796722 0.64856786
 0.4015218  0.89025325]",1.0061784982681274,0.6332675218582153,0.8544554710388184,0.4259624779224396,0.7255610227584839,0.9295388460159302,"[0.42477876 0.68354434 0.31751826 0.1935484  0.5363636  0.7879781
 0.1851852  0.83720934]"
98,1.0145851373672485,0.6073592901229858,0.8042699694633484,0.3788967430591583,0.7013269066810608,0.9280044436454773,"[0.497104   0.63338083 0.38364273 0.83577    0.47997946 0.66912305
 0.41207197 0.8949257 ]",0.9994560480117798,0.6352418661117554,0.8595284819602966,0.4318854808807373,0.7300156950950623,0.9304564595222473,"[0.39285716 0.6895307  0.30202577 0.2        0.54066443 0.7939097
 0.1754386  0.8181819 ]"
99,1.011328935623169,0.6092334389686584,0.8004232048988342,0.37808459997177124,0.7005732655525208,0.928381621837616,"[0.48754978 0.64066964 0.41006422 0.8317618  0.48220733 0.6605459
 0.41577888 0.89754623]",0.9970390796661377,0.6372162103652954,0.8579710125923157,0.43830206990242004,0.7312735915184021,0.9305150508880615,"[0.45       0.67999995 0.31272727 0.2        0.5424913  0.79501086
 0.14814815 0.79999995]"
100,1.0069092512130737,0.6133566498756409,0.7933070659637451,0.3776472806930542,0.7011244297027588,0.9292123317718506,"[0.49925777 0.64689153 0.41437188 0.8337051  0.49422875 0.67468697
 0.39964738 0.89371485]",0.9830116033554077,0.6436327695846558,0.8603082895278931,0.4407700002193451,0.737294614315033,0.9327059388160706,"[0.3962264  0.692029   0.32481754 0.21428572 0.54545456 0.8006448
 0.1875     0.78260875]"
101,1.004141926765442,0.6134191155433655,0.7912116646766663,0.3757106363773346,0.7011646628379822,0.9296796321868896,"[0.49049053 0.6436548  0.40976644 0.83985245 0.4949469  0.6688151
 0.42655936 0.8894033 ]",0.9918214082717896,0.6347482800483704,0.8478873372077942,0.4457058310508728,0.7311187982559204,0.9312092661857605,"[0.33009708 0.68904597 0.3076923  0.2        0.5381984  0.79325354
 0.16666667 0.84444445]"
102,0.9977180361747742,0.6177297234535217,0.7970113754272461,0.3765227794647217,0.705511748790741,0.9307261109352112,"[0.5025025  0.6464111  0.41278297 0.84236574 0.5024377  0.67077684
 0.42742395 0.89587635]",0.9901798367500305,0.6426455974578857,0.8568683862686157,0.4402764141559601,0.7337062358856201,0.9317612051963806,"[0.43243247 0.68852454 0.32971016 0.2        0.5509259  0.79609543
 0.18181819 0.7659574 ]"
103,0.9933258891105652,0.6154182553291321,0.7972118258476257,0.38583120703697205,0.7066465616226196,0.9313591718673706,"[0.5108204  0.63907486 0.400426   0.8426994  0.50194454 0.66683096
 0.42215133 0.8901941 ]",0.993546187877655,0.6377097964286804,0.8589372038841248,0.43879565596580505,0.732586145401001,0.9312252402305603,"[0.39252338 0.68705034 0.3255814  0.2        0.54714787 0.791939
 0.19354841 0.83720934]"
104,1.0096838474273682,0.6102330088615417,0.7959237098693848,0.37814706563949585,0.7015950083732605,0.928424596786499,"[0.5004936  0.63553303 0.40235108 0.83869374 0.48876256 0.6628685
 0.4078523  0.89595526]",0.991212785243988,0.6347482800483704,0.858364999294281,0.4457058310508728,0.7324347496032715,0.9311687350273132,"[0.43243247 0.68131864 0.32733813 0.1935484  0.54503995 0.7868852
 0.17857143 0.79999995]"
105,1.0035299062728882,0.6138564348220825,0.7971219420433044,0.38758042454719543,0.7056014537811279,0.9294461011886597,"[0.4830551  0.6456596  0.40708432 0.84004945 0.50629663 0.6757561
 0.41592667 0.89299464]",0.986363410949707,0.6391904950141907,0.8560747504234314,0.45212242007255554,0.7354972958564758,0.9321625232696533,"[0.36697248 0.6905188  0.3229358  0.1935484  0.54566747 0.7948023
 0.19354841 0.79999995]"
106,0.9975339770317078,0.6138564348220825,0.8003638982772827,0.38470667600631714,0.7062150239944458,0.9304643869400024,"[0.49489796 0.6430894  0.4001057  0.8438194  0.49072164 0.67477655
 0.428246   0.8904774 ]",0.9809233546257019,0.6446199417114258,0.8574144244194031,0.4452122449874878,0.7384714484214783,0.9329589009284973,"[0.4        0.68965524 0.32846716 0.1935484  0.5484633  0.8019376
 0.1875     0.8181819 ]"
107,0.9858639240264893,0.6177297234535217,0.7952442169189453,0.3865183889865875,0.7097904682159424,0.9322777390480042,"[0.49974963 0.6598403  0.41789472 0.8337433  0.49465168 0.6799902
 0.41117188 0.894683  ]",0.9947900176048279,0.6327739357948303,0.8457943797111511,0.4466930031776428,0.7303006649017334,0.9303829073905945,"[0.3703704  0.69380534 0.3079777  0.2        0.54399997 0.7875136
 0.18461539 0.7727272 ]"
108,0.9770472049713135,0.6271631121635437,0.8020754456520081,0.3959517776966095,0.7167326211929321,0.9337676167488098,"[0.51272994 0.65052885 0.43141416 0.8474994  0.5134576  0.6759721
 0.44815865 0.89864   ]",0.9870404005050659,0.6317867636680603,0.8500931262969971,0.4506416618824005,0.733058512210846,0.9316636323928833,"[0.39639643 0.6921676  0.30147058 0.1935484  0.54004574 0.7884405
 0.1875     0.79999995]"
109,0.9807406067848206,0.6219778656959534,0.8015862703323364,0.39145374298095703,0.7118892669677734,0.9329503774642944,"[0.5049783  0.6539173  0.414217   0.8349418  0.503436   0.67196023
 0.4589156  0.8947369 ]",0.9799505472183228,0.6367226243019104,0.8468550443649292,0.4585389792919159,0.7363110780715942,0.9322141408920288,"[0.36697248 0.6928572  0.3013183  0.1875     0.5442021  0.7947883
 0.19354841 0.79999995]"
110,0.9760419130325317,0.6225401163101196,0.7964479327201843,0.3950146734714508,0.7162676453590393,0.9336291551589966,"[0.4977099  0.64561117 0.41744217 0.84526443 0.50475454 0.68792033
 0.44407064 0.8979279 ]",0.9880533814430237,0.6367226243019104,0.8476454019546509,0.4531095623970032,0.734137237071991,0.9311806559562683,"[0.34545454 0.6959578  0.3169399  0.2580645  0.546091   0.790393
 0.2        0.8181819 ]"
111,0.972100019454956,0.6295371055603027,0.8035238981246948,0.3960142433643341,0.7188435792922974,0.9343354105949402,"[0.50479394 0.6630014  0.43439388 0.842      0.5190919  0.68458694
 0.44948795 0.90274566]",0.9756577610969543,0.6382033824920654,0.8595348596572876,0.45607107877731323,0.7399359941482544,0.9329203963279724,"[0.36363637 0.689781   0.31150445 0.1935484  0.5521327  0.79696804
 0.1904762  0.8181819 ]"
112,0.9861360192298889,0.6215405464172363,0.7964163422584534,0.39151620864868164,0.7109643816947937,0.9319614768028259,"[0.49369368 0.6520671  0.4171123  0.83530575 0.50652343 0.6731343
 0.46208987 0.8953996 ]",0.9758487939834595,0.6367226243019104,0.8440860509872437,0.46495556831359863,0.7385053634643555,0.9329494833946228,"[0.33962265 0.6964286  0.3        0.2        0.5446119  0.79566395
 0.1904762  0.79999995]"
113,0.9700444936752319,0.6278502941131592,0.8028222322463989,0.3980758488178253,0.7185469269752502,0.9344033598899841,"[0.5012867  0.6567164  0.42807946 0.8539659  0.5132697  0.68354434
 0.4538376  0.8928114 ]",0.9851759672164917,0.6332675218582153,0.8418688178062439,0.46248766779899597,0.7340328693389893,0.9311882257461548,"[0.3846154  0.7058823  0.3125     0.21428572 0.5403588  0.7832783
 0.2295082  0.7727272 ]"
114,0.9671551585197449,0.6265383958816528,0.7997252941131592,0.40013745427131653,0.7185726761817932,0.93473881483078,"[0.49947912 0.6647588  0.4204364  0.83992094 0.5005171  0.6916398
 0.45325315 0.89971936]",0.9740440249443054,0.6446199417114258,0.8505013585090637,0.46051332354545593,0.7400850057601929,0.9330730438232422,"[0.40366971 0.69835466 0.33093524 0.20689656 0.55123675 0.7980561
 0.21875    0.78260875]"
115,0.9555848240852356,0.6332854628562927,0.8115581274032593,0.40707191824913025,0.7251368165016174,0.9365956783294678,"[0.50805634 0.6745883  0.4271026  0.8547636  0.5074238  0.6823006
 0.45963433 0.9082568 ]",0.9736990928649902,0.6480750441551208,0.8467023372650146,0.4689042568206787,0.7407605648040771,0.9329503774642944,"[0.42857143 0.700361   0.3148148  0.2        0.56148493 0.801948
 0.22580646 0.7727272 ]"
116,0.9654573798179626,0.6329730749130249,0.7994052767753601,0.40307366847991943,0.7202706336975098,0.9350348114967346,"[0.5247168  0.67510897 0.42746875 0.84484035 0.506477   0.67826086
 0.47145993 0.89843947]",0.9788693785667419,0.6406712532043457,0.8502283096313477,0.4595261514186859,0.7381306886672974,0.9322778582572937,"[0.41441447 0.70991    0.3132969  0.2        0.55148745 0.79082465
 0.23728815 0.79069763]"
117,0.9650606513023376,0.6300368309020996,0.7974668145179749,0.40513524413108826,0.7204073667526245,0.934983491897583,"[0.49395692 0.6640365  0.42550966 0.85063165 0.5136045  0.6942517
 0.46659487 0.8959714 ]",0.9754922986030579,0.6391904950141907,0.8462222218513489,0.46989139914512634,0.7384702563285828,0.9325670599937439,"[0.39285716 0.6903915  0.3169399  0.2        0.54924685 0.7945504
 0.20338984 0.8095238 ]"
118,0.963604748249054,0.6256012916564941,0.7909972071647644,0.4028862416744232,0.7176685333251953,0.9351731538772583,"[0.4965915  0.66598445 0.433526   0.84504235 0.4984536  0.6774034
 0.45843554 0.89229983]",0.9739368557929993,0.6391904950141907,0.8498659729957581,0.4693978428840637,0.7398402690887451,0.9328988194465637,"[0.38181815 0.70483    0.32085562 0.2        0.54714787 0.7934426
 0.19672132 0.8095238 ]"
119,0.9582186937332153,0.6407197117805481,0.8026014566421509,0.4163178503513336,0.7258026003837585,0.9359704256057739,"[0.52754074 0.66871166 0.44003138 0.8555777  0.51428574 0.6919292
 0.49931186 0.89543825]",0.9742713570594788,0.6396840810775757,0.8489208817481995,0.46594274044036865,0.739897608757019,0.932956874370575,"[0.38181815 0.7016275  0.32924694 0.20689656 0.55334115 0.79059595
 0.21875    0.83720934]"
120,0.9462948441505432,0.6393452882766724,0.8023800849914551,0.4170050621032715,0.7299229502677917,0.937628448009491,"[0.512581   0.67757106 0.45203334 0.8608976  0.5134359  0.6835569
 0.46846348 0.9048465 ]",0.97151118516922,0.6465942859649658,0.8495102524757385,0.47087857127189636,0.7421621084213257,0.9333480000495911,"[0.38181815 0.70736086 0.3380282  0.2        0.5567503  0.79761255
 0.21875    0.83720934]"
121,0.9486929774284363,0.6419066786766052,0.8026030659675598,0.4160679578781128,0.7292355298995972,0.9373894333839417,"[0.5113964  0.6736798  0.4484004  0.85728496 0.52415967 0.6892262
 0.49582323 0.9046767 ]",0.9763964414596558,0.6436327695846558,0.8465608358383179,0.4738400876522064,0.7394917011260986,0.9324530363082886,"[0.38888887 0.70758116 0.31501833 0.25       0.55427253 0.79695153
 0.21875    0.79999995]"
122,0.9535825252532959,0.6365340352058411,0.7978556752204895,0.41375648975372314,0.7245572209358215,0.9364323616027832,"[0.51526314 0.67156565 0.43934256 0.8517787  0.5183833  0.68833745
 0.47562298 0.8976012 ]",0.9738322496414185,0.6431391835212708,0.8439964652061462,0.47532081604003906,0.7394582033157349,0.9327290058135986,"[0.3738318  0.7042254  0.32906765 0.1935484  0.5552995  0.7936508
 0.2295082  0.79069763]"
123,0.9546183943748474,0.6333479285240173,0.800239086151123,0.4181920289993286,0.7249153256416321,0.9362083077430725,"[0.5119079  0.6691373  0.42349225 0.85664684 0.5221625  0.6840391
 0.46535453 0.90010244]",0.9622997641563416,0.6456071138381958,0.8452895283699036,0.4827245771884918,0.7449321150779724,0.9342687129974365,"[0.3853211  0.70309657 0.31238782 0.22857143 0.5580305  0.80129933
 0.23333335 0.85714287]"
124,0.9443100690841675,0.6346598267555237,0.7981192469596863,0.4188792407512665,0.7279207706451416,0.9377747774124146,"[0.5179554  0.68127745 0.4311471  0.8449727  0.5217616  0.6813896
 0.47191617 0.89229983]",0.966223418712616,0.6441263556480408,0.844752848148346,0.4807502329349518,0.7422711253166199,0.9336569905281067,"[0.40366971 0.7088608  0.32857144 0.1818182  0.55710953 0.79389316
 0.22222224 0.85714287]"
125,0.9392918944358826,0.6439058184623718,0.7980406284332275,0.42237770557403564,0.7308894395828247,0.9384527206420898,"[0.52085507 0.68093956 0.44344848 0.8512947  0.52258724 0.7023512
 0.49435788 0.9023828 ]",0.958172619342804,0.6544916033744812,0.8526591062545776,0.4827245771884918,0.7468109726905823,0.9347154498100281,"[0.42201838 0.7108655  0.3529412  0.1818182  0.56698555 0.8032432
 0.23333335 0.83720934]"
126,0.9317206740379333,0.6461548209190369,0.8031209707260132,0.4276254177093506,0.7357598543167114,0.939599335193634,"[0.52356017 0.67516184 0.4457354  0.86521316 0.5278277  0.69016886
 0.501606   0.9084417 ]",0.9840946197509766,0.6362290382385254,0.8426171541213989,0.47038498520851135,0.7337842583656311,0.931099534034729,"[0.4074074  0.70437956 0.32111692 0.1935484  0.55454546 0.78563535
 0.22580646 0.85      ]"
127,0.9416636824607849,0.6382207870483398,0.7920224666595459,0.4230024218559265,0.7282836437225342,0.938069224357605,"[0.5232711  0.67369723 0.44216615 0.8471115  0.51959294 0.68231773
 0.49424365 0.89552236]",0.9695731997489929,0.6490622162818909,0.8483535647392273,0.48321816325187683,0.7413255572319031,0.9329630732536316,"[0.42477876 0.71243036 0.34434777 0.24242425 0.5691057  0.79474545
 0.22222224 0.87804884]"
128,0.9393882155418396,0.6456550359725952,0.7952491044998169,0.4287499189376831,0.7317526936531067,0.9383655786514282,"[0.5230445  0.6799336  0.46442333 0.85101134 0.54489166 0.6936299
 0.4792453  0.8995902 ]",0.9768655896186829,0.6495558023452759,0.8463564515113831,0.4758144021034241,0.7386740446090698,0.9323756098747253,"[0.42857143 0.7282609  0.35500878 0.1875     0.55710953 0.79299015
 0.20338984 0.8181819 ]"
129,0.9424901604652405,0.6347222924232483,0.7904122471809387,0.42643842101097107,0.728714644908905,0.9376038908958435,"[0.49328318 0.67897135 0.4256101  0.8521439  0.5109339  0.6893132
 0.49011856 0.9016984 ]",0.9614154100418091,0.6505429148674011,0.8460876941680908,0.4856860935688019,0.7444288730621338,0.9340640902519226,"[0.42201838 0.7084871  0.34875444 0.17142858 0.5620609  0.7995655
 0.24242425 0.83720934]"
130,0.9342107772827148,0.6407197117805481,0.7991690039634705,0.4325607419013977,0.7336870431900024,0.9389917254447937,"[0.5051602  0.6851196  0.44478527 0.851368   0.5132605  0.68842584
 0.50249934 0.90122193]",0.9504402279853821,0.6633760929107666,0.8474721312522888,0.48815399408340454,0.7499352097511292,0.9358673095703125,"[0.38888887 0.7060998  0.36720145 0.1764706  0.5759417  0.81386673
 0.23880598 0.83720934]"
131,0.9297897219657898,0.6429062485694885,0.7994499206542969,0.43580934405326843,0.7352263331413269,0.9396929144859314,"[0.5026824  0.6735251  0.44686368 0.8665668  0.5098548  0.6923456
 0.52054083 0.9041166 ]",0.9615613222122192,0.6480750441551208,0.8411053419113159,0.4807502329349518,0.7439019680023193,0.934050977230072,"[0.45045045 0.71614105 0.32616487 0.1764706  0.56128293 0.79694325
 0.25396824 0.85714287]"
132,0.9334590435028076,0.6427187919616699,0.7986577153205872,0.43862059712409973,0.7341981530189514,0.9389721155166626,"[0.5076061  0.68426526 0.4521784  0.85918623 0.51669234 0.6872313
 0.5071315  0.8988938 ]",0.9676608443260193,0.6416584253311157,0.8388746976852417,0.4856860935688019,0.7399078607559204,0.9331368207931519,"[0.4        0.7148015  0.3297491  0.1764706  0.558992   0.78854614
 0.21875    0.83720934]"
133,0.9240138530731201,0.6468420028686523,0.8017681241035461,0.44193166494369507,0.7390234470367432,0.9404866099357605,"[0.50596535 0.6795271  0.45566308 0.8610086  0.5277492  0.7000748
 0.5083682  0.9043702 ]",0.9632136225700378,0.6515300869941711,0.8484848737716675,0.48371174931526184,0.7431541681289673,0.9339300394058228,"[0.4        0.7184116  0.35640138 0.1764706  0.5755054  0.7936508
 0.24615385 0.83720934]"
134,0.9173785448074341,0.6520897150039673,0.8019269704818726,0.4471793472766876,0.7411715984344482,0.9413780570030212,"[0.51720434 0.6853088  0.462252   0.86104894 0.5367261  0.7066105
 0.5231168  0.8971003 ]",0.9645736217498779,0.6520236730575562,0.8441780805587769,0.4866732358932495,0.7431130409240723,0.9337133169174194,"[0.44642857 0.72029245 0.34722227 0.1935484  0.57276994 0.79408544
 0.2857143  0.79999995]"
135,0.9129462838172913,0.6520897150039673,0.8002253770828247,0.44368088245391846,0.7423141598701477,0.9419556260108948,"[0.50422925 0.6944213  0.46393356 0.85799706 0.5354085  0.69213486
 0.53649825 0.9033086 ]",0.9603019952774048,0.6520236730575562,0.8464837074279785,0.4871668219566345,0.7438942193984985,0.9344291687011719,"[0.39639643 0.7230215  0.3591549  0.1875     0.5683963  0.7941016
 0.2295082  0.79999995]"
136,0.9205281138420105,0.6505903601646423,0.7987907528877258,0.44568002223968506,0.7403732538223267,0.9407914280891418,"[0.5149375  0.69280773 0.47091982 0.86501247 0.53490764 0.6949924
 0.50603026 0.90136486]",0.9640941023826599,0.6515300869941711,0.8402718901634216,0.48815399408340454,0.7423133254051208,0.9338997602462769,"[0.38888887 0.72629696 0.3600713  0.1935484  0.5671297  0.7929709
 0.21875    0.8181819 ]"
137,0.9238540530204773,0.647341787815094,0.7899224758148193,0.44561755657196045,0.7365266680717468,0.9402297139167786,"[0.50367147 0.6853262  0.4635659  0.8638287  0.5401385  0.6934472
 0.50846577 0.89354   ]",0.9638462662696838,0.6490622162818909,0.8414322137832642,0.4871668219566345,0.7435394525527954,0.9337063431739807,"[0.42477876 0.71532845 0.3578947  0.1818182  0.5654693  0.79164374
 0.2580645  0.8181819 ]"
138,0.9155709743499756,0.6527144312858582,0.8006677627563477,0.44942837953567505,0.7434970736503601,0.9415459036827087,"[0.5276873  0.69528973 0.45533597 0.85408366 0.53452224 0.6937859
 0.53346956 0.9011613 ]",0.9537861943244934,0.6544916033744812,0.8462837934494019,0.4945705831050873,0.7486894726753235,0.9353159666061401,"[0.39285716 0.7111913  0.35689047 0.1818182  0.57719713 0.7991314
 0.20338984 0.8181819 ]"
139,0.923538088798523,0.6472168564796448,0.7910940051078796,0.44949084520339966,0.7367445826530457,0.9400895237922668,"[0.4965744  0.6904018  0.44398233 0.8600395  0.5326425  0.68641114
 0.53200203 0.90403914]",0.9553244113922119,0.6539980173110962,0.8456318974494934,0.49210265278816223,0.7481788992881775,0.9348568916320801,"[0.38938054 0.71532845 0.35008666 0.1875     0.57210404 0.8034839
 0.21052632 0.8095238 ]"
140,0.91881263256073,0.6521521806716919,0.799625039100647,0.4529893100261688,0.7412693500518799,0.9408770799636841,"[0.52651936 0.69278866 0.45788112 0.8537194  0.53234845 0.6902297
 0.54136103 0.90000004]",0.9592081904411316,0.6490622162818909,0.843404233455658,0.48914116621017456,0.7450662851333618,0.9343318939208984,"[0.39639643 0.71971065 0.34621847 0.1875     0.5724551  0.7947311
 0.23333335 0.8181819 ]"
141,0.9121245741844177,0.6595864295959473,0.8015458583831787,0.45998626947402954,0.745163083076477,0.9417790770530701,"[0.5300804  0.69398    0.46982983 0.86543274 0.52894264 0.69707656
 0.56114745 0.9060745 ]",0.9537217617034912,0.6564659476280212,0.8440678119659424,0.4916090965270996,0.7481711506843567,0.9350716471672058,"[0.40350875 0.72113675 0.3547826  0.1935484  0.57793766 0.80131006
 0.2        0.83720934]"
142,0.9210014343261719,0.6507152915000916,0.7927859425544739,0.45723745226860046,0.7401889562606812,0.9404644966125488,"[0.5055371  0.6928512  0.46130112 0.85807097 0.5332648  0.69281375
 0.5371545  0.89798003]",0.9552139639854431,0.6594274640083313,0.8421494364738464,0.4950641691684723,0.7484263777732849,0.9349305629730225,"[0.38938054 0.73049647 0.36971834 0.1875     0.5741857  0.80021775
 0.2769231  0.8181819 ]"
143,0.9084137082099915,0.6607109308242798,0.8012958765029907,0.4635471999645233,0.7469508647918701,0.9423888325691223,"[0.52984464 0.70852584 0.4686128  0.866      0.5297944  0.7006496
 0.5516717  0.9027813 ]",0.9542543292045593,0.6569595336914062,0.8432026505470276,0.49901282787323,0.7484162449836731,0.9349372386932373,"[0.39639643 0.7213115  0.36082473 0.20689656 0.5748503  0.8010869
 0.25396824 0.83720934]"
144,0.9191431403160095,0.6472168564796448,0.7949135899543762,0.45692509412765503,0.7403613328933716,0.9406245350837708,"[0.49438834 0.683863   0.4552509  0.8687268  0.5214027  0.68014145
 0.5446766  0.8990731 ]",0.9602898955345154,0.6505429148674011,0.8419272899627686,0.4916090965270996,0.7447909116744995,0.9340699315071106,"[0.39285716 0.7195767  0.35862067 0.20689656 0.56937796 0.79210097
 0.22580646 0.83720934]"
145,0.8988112211227417,0.6618978977203369,0.7972972989082336,0.464421808719635,0.7484304904937744,0.9436667561531067,"[0.5139978  0.7043078  0.46820512 0.86431414 0.5413032  0.7108403
 0.566      0.89971787]",0.9595115184783936,0.6554787755012512,0.8435373902320862,0.48963475227355957,0.7466973066329956,0.9343872666358948,"[0.42857143 0.7207207  0.360601   0.1935484  0.5804878  0.7978082
 0.26470587 0.85714287]"
146,0.9001307487487793,0.662772536277771,0.7981641888618469,0.47260573506355286,0.7496358156204224,0.9433192014694214,"[0.5220282  0.7070289  0.47123143 0.86528367 0.5360825  0.70863396
 0.56085193 0.901206  ]",0.9510922431945801,0.6604146361351013,0.8417085409164429,0.4960513412952423,0.7515602111816406,0.9356992840766907,"[0.40707964 0.73550725 0.36672327 0.17142858 0.58404905 0.8013064
 0.26865673 0.8181819 ]"
147,0.9096084833145142,0.6570250391960144,0.7959118485450745,0.4670456647872925,0.7441303730010986,0.9419413805007935,"[0.5154062  0.6952558  0.45727602 0.8661298  0.54545456 0.69319314
 0.55858105 0.8992049 ]",0.942301332950592,0.6628825068473816,0.8449419736862183,0.5029615163803101,0.7547250986099243,0.9367587566375732,"[0.44247788 0.7305606  0.36042404 0.1818182  0.5731707  0.80451125
 0.29032257 0.83720934]"
148,0.8963554501533508,0.6625851392745972,0.8046038150787354,0.473855197429657,0.7525770664215088,0.9439571499824524,"[0.5229901  0.7021143  0.46193552 0.8695     0.54813665 0.7050898
 0.565153   0.8995633 ]",0.9538660645484924,0.6569595336914062,0.844144880771637,0.4945705831050873,0.7496088147163391,0.9350065588951111,"[0.44444445 0.7256318  0.36209816 0.1935484  0.5786925  0.7982504
 0.25396824 0.82926834]"
149,0.8909556269645691,0.6657087802886963,0.8023145794868469,0.47641655802726746,0.7541084885597229,0.9446268081665039,"[0.5262567  0.70907944 0.478946   0.86889327 0.53491986 0.70447165
 0.56869006 0.908623  ]",0.9492486119270325,0.6589338779449463,0.8395677208900452,0.49851924180984497,0.750645637512207,0.9356110095977783,"[0.43859646 0.72794116 0.37563452 0.1875     0.5762305  0.7984708
 0.2769231  0.85714287]"
150,0.9004091620445251,0.6613981127738953,0.79789137840271,0.4727931618690491,0.7495653033256531,0.9432201981544495,"[0.51851857 0.69761556 0.47215125 0.8646069  0.5433255  0.7017808
 0.5693431  0.9013579 ]",0.9553331732749939,0.6554787755012512,0.8380165100097656,0.500493586063385,0.750187337398529,0.9347825646400452,"[0.40000004 0.7224199  0.36551723 0.125      0.5769696  0.7975995
 0.25       0.82926834]"
151,0.8865823149681091,0.6689573526382446,0.8035898208618164,0.4866620898246765,0.7580381035804749,0.9451650381088257,"[0.53002757 0.71434563 0.473574   0.86514884 0.54736304 0.71489364
 0.56592447 0.91356754]",0.9602616429328918,0.6515300869941711,0.8340180516242981,0.50098717212677,0.7465670108795166,0.9339724183082581,"[0.43859646 0.7111913  0.36144578 0.12903225 0.56941175 0.7962658
 0.23728815 0.8095238 ]"
152,0.8815686106681824,0.6703941822052002,0.8055152297019958,0.4854126274585724,0.7595224976539612,0.9458585977554321,"[0.5259905  0.71843    0.48217493 0.8687268  0.541548   0.711222
 0.5745992  0.91245186]",0.9466437697410583,0.6658440232276917,0.8438538312911987,0.501480758190155,0.7532671093940735,0.9360699653625488,"[0.41071427 0.7256318  0.38513514 0.1818182  0.58168316 0.8086721
 0.2769231  0.83720934]"
153,0.8919348120689392,0.6637096405029297,0.7941297888755798,0.4800399839878082,0.7519708871841431,0.9441982507705688,"[0.5254431  0.70318097 0.4667011  0.86242205 0.5307693  0.7185778
 0.5698951  0.9068514 ]",0.9381384253501892,0.6604146361351013,0.8464663028717041,0.5143139362335205,0.7558668851852417,0.9369009733200073,"[0.39639643 0.72394884 0.37137988 0.12121212 0.5777234  0.80388975
 0.3030303  0.85      ]"
154,0.8864853978157043,0.6683951020240784,0.7950112819671631,0.4838508069515228,0.7548997402191162,0.9450044631958008,"[0.5307153  0.70341647 0.48314893 0.8581384  0.5435067  0.7238806
 0.5764386  0.90275985]",0.9430913329124451,0.6628825068473816,0.8428453207015991,0.5029615163803101,0.754546046257019,0.9366410970687866,"[0.4181818  0.71971065 0.39175257 0.1818182  0.5742093  0.8041237
 0.29850745 0.8095238 ]"
155,0.8816940784454346,0.6734553575515747,0.7998774647712708,0.4894108772277832,0.7595466375350952,0.945673942565918,"[0.53807396 0.7122829  0.487627   0.8746298  0.55029744 0.72241634
 0.5706508  0.9046138 ]",0.9470413327217102,0.6564659476280212,0.8433141708374023,0.5074037313461304,0.7526869177818298,0.9358338117599487,"[0.40000004 0.72058827 0.37606838 0.1764706  0.5758662  0.8
 0.24615385 0.8095238 ]"
156,0.8849303722381592,0.6662710309028625,0.7957264184951782,0.4862247705459595,0.7553668022155762,0.9451670050621033,"[0.52468425 0.71964204 0.477013   0.8617396  0.5501403  0.695827
 0.5803789  0.89708143]",0.9478533267974854,0.6599210500717163,0.8391836881637573,0.5074037313461304,0.7534646987915039,0.9357526898384094,"[0.4537815  0.72794116 0.3857868  0.17142858 0.5821256  0.7964989
 0.29850745 0.79999995]"
157,0.8912530541419983,0.665021538734436,0.7903662919998169,0.4920347332954407,0.7520577907562256,0.9441958069801331,"[0.5135135  0.7095008  0.48236516 0.8583457  0.55329955 0.7061816
 0.5727383  0.8971384 ]",0.9460501074790955,0.6589338779449463,0.8442419171333313,0.5029615163803101,0.7525898814201355,0.9358062148094177,"[0.44444445 0.7232473  0.3806344  0.1935484  0.5776699  0.79825515
 0.28125    0.82926834]"
158,0.8851510882377625,0.6685200333595276,0.7992508411407471,0.4932217299938202,0.7555053234100342,0.9451680183410645,"[0.54254425 0.7069728  0.48026314 0.8690891  0.54394174 0.70748985
 0.58131486 0.8951696 ]",0.9413612484931946,0.6599210500717163,0.8380338549613953,0.5133267641067505,0.7552744150161743,0.9365691542625427,"[0.43103445 0.7236363  0.36833045 0.20689656 0.57724553 0.8034839
 0.22580646 0.8095238 ]"
159,0.8782131671905518,0.6750171780586243,0.7968937754631042,0.4968451261520386,0.758373498916626,0.9459986686706543,"[0.53752476 0.70978653 0.494596   0.86621314 0.5544349  0.71876556
 0.59430516 0.9018703 ]",0.9451837539672852,0.6594274640083313,0.8379032015800476,0.5128331780433655,0.7538318037986755,0.9359502196311951,"[0.446281   0.7255985  0.38841566 0.1818182  0.57724553 0.7975864
 0.26865673 0.83720934]"
160,0.8753402829170227,0.6725807189941406,0.8002803325653076,0.49940651655197144,0.7607067823410034,0.9465063214302063,"[0.53837407 0.71331644 0.4790111  0.86070275 0.5593047  0.7125974
 0.5827003  0.9095554 ]",0.9413343667984009,0.6653504371643066,0.8367999792098999,0.5162882804870605,0.7557445168495178,0.9365696907043457,"[0.43103445 0.72828096 0.39310345 0.21621622 0.58413464 0.8034839
 0.27272725 0.83720934]"
161,0.8661826252937317,0.6780158877372742,0.8067783117294312,0.5026550889015198,0.765102207660675,0.9477497339248657,"[0.53575486 0.7219865  0.5067688  0.8704352  0.55489534 0.71356785
 0.58843535 0.9086711 ]",0.934999406337738,0.673247754573822,0.835562527179718,0.5241855978965759,0.7593493461608887,0.9373170137405396,"[0.4173913  0.738574   0.40070298 0.22222222 0.58666664 0.81189185
 0.26470587 0.85714287]"
162,0.8764113187789917,0.6760792136192322,0.801522970199585,0.5063409805297852,0.7629735469818115,0.9460590481758118,"[0.5528914  0.7158071  0.4980921  0.8698717  0.55124223 0.7123357
 0.5807091  0.90542954]",0.9301756024360657,0.672754168510437,0.8405341506004333,0.5281342267990112,0.7616632580757141,0.9379454255104065,"[0.45762712 0.7236363  0.39721256 0.1875     0.58692974 0.8137782
 0.26470587 0.82926834]"
163,0.8702249526977539,0.6820765733718872,0.8019753098487854,0.5072780847549438,0.7643114328384399,0.9469441771507263,"[0.53907585 0.715825   0.49627918 0.880478   0.5884449  0.7195713
 0.599614   0.89710444]",0.9308132529258728,0.6688055396080017,0.8388625383377075,0.5241855978965759,0.7611131072044373,0.937917172908783,"[0.4537815  0.72794116 0.39441535 0.1935484  0.58181816 0.8084415
 0.28169015 0.82926834]"
164,0.8670580983161926,0.6761416792869568,0.7994728088378906,0.5115886926651001,0.7654891014099121,0.9472399950027466,"[0.5278174  0.7165504  0.49284983 0.87716657 0.55446565 0.72146803
 0.5941645  0.90211236]",0.9361574649810791,0.6668311953544617,0.8406725525856018,0.5182625651359558,0.7593618035316467,0.9373399019241333,"[0.45217392 0.7305606  0.39108062 0.1764706  0.5808823  0.80585676
 0.27272725 0.82926834]"
165,0.8696166276931763,0.6809520721435547,0.7989356517791748,0.5158368349075317,0.7643797993659973,0.94706130027771,"[0.54741013 0.7281533  0.490653   0.87623763 0.5671719  0.7079646
 0.6004951  0.90228266]",0.9333451390266418,0.6678183674812317,0.8398096561431885,0.5227048397064209,0.7597612142562866,0.9375045299530029,"[0.42105266 0.72232306 0.3918919  0.20689656 0.58926344 0.8082118
 0.27777776 0.8095238 ]"
166,0.8557281494140625,0.6851377487182617,0.8072300553321838,0.5203348398208618,0.7719660401344299,0.9488467574119568,"[0.55586904 0.72095    0.48977503 0.88219047 0.57091284 0.7274104
 0.60373694 0.9107692 ]",0.9405283331871033,0.6688055396080017,0.8366219401359558,0.5231984257698059,0.757168710231781,0.9362671375274658,"[0.43103445 0.7262774  0.39723662 0.1818182  0.59052247 0.8078176
 0.2535211  0.85      ]"
167,0.854674220085144,0.6904479265213013,0.8059528470039368,0.5210220813751221,0.7718939781188965,0.9490626454353333,"[0.5547906  0.7280889  0.51185316 0.8767465  0.57567984 0.72649354
 0.6239193  0.9043702 ]",0.9457828402519226,0.6678183674812317,0.8365079164505005,0.5202369093894958,0.7566958069801331,0.9354586601257324,"[0.45762712 0.7272727  0.39794165 0.22857143 0.5875153  0.80479825
 0.27777776 0.83720934]"
168,0.8669123649597168,0.676266610622406,0.7975138425827026,0.5130255222320557,0.7645775079727173,0.9472304582595825,"[0.53634804 0.72398376 0.48254618 0.8763709  0.5606996  0.71680075
 0.58471924 0.9030769 ]",0.9380040168762207,0.6668311953544617,0.843277633190155,0.5231984257698059,0.7583375573158264,0.9367501735687256,"[0.44067797 0.72924185 0.40484428 0.22857143 0.5819975  0.8021739
 0.2739726  0.83720934]"
169,0.8675744533538818,0.6769538521766663,0.800804853439331,0.5221465826034546,0.7662714719772339,0.9471971392631531,"[0.55780756 0.71733165 0.49109414 0.8699552  0.5503736  0.7133854
 0.5892421  0.9049332 ]",0.9347847104072571,0.6692991256713867,0.8418123722076416,0.5227048397064209,0.7585447430610657,0.9371364116668701,"[0.46956518 0.7259259  0.40468225 0.1818182  0.5910735  0.80414623
 0.29032257 0.85714287]"
170,0.862250566482544,0.6882613897323608,0.7994299530982971,0.5256450176239014,0.767154335975647,0.9478557109832764,"[0.55936074 0.7217853  0.51864916 0.87613297 0.5729898  0.7252469
 0.61323714 0.899949  ]",0.9396069049835205,0.6658440232276917,0.8422310948371887,0.5217176675796509,0.7578762769699097,0.9366744756698608,"[0.45217392 0.7233274  0.40204427 0.25       0.5788178  0.80369765
 0.2535211  0.83720934]"
171,0.8532386422157288,0.6884487867355347,0.8037195801734924,0.5264571905136108,0.7724806070327759,0.949055016040802,"[0.5486929  0.72898394 0.5057121  0.88516384 0.5642729  0.7276876
 0.62407273 0.90221304]",0.9400609731674194,0.6599210500717163,0.8350434303283691,0.5222112536430359,0.756810188293457,0.9362627863883972,"[0.47863248 0.72595286 0.3838384  0.23529412 0.5858344  0.7933884
 0.26865673 0.87804884]"
172,0.8558763861656189,0.6840757131576538,0.7983863353729248,0.5254576206207275,0.7690398097038269,0.9486824870109558,"[0.5557481  0.7291312  0.49593908 0.8692153  0.5572012  0.7244456
 0.6138046  0.90648955]",0.9461708664894104,0.6628825068473816,0.844176709651947,0.5187561511993408,0.7564859390258789,0.9353525042533875,"[0.48333338 0.7311072  0.40273038 0.22222222 0.5766871  0.79427946
 0.27272725 0.85714287]"
173,0.8575730919837952,0.6891360282897949,0.8038697242736816,0.5320796966552734,0.7723731994628906,0.948460042476654,"[0.56190753 0.72186834 0.52102566 0.862823   0.57328814 0.72936463
 0.6102183  0.90979177]",0.9344438314437866,0.6697927117347717,0.8359253406524658,0.5306021571159363,0.7607579231262207,0.9368742108345032,"[0.4915254  0.7275986  0.40488657 0.2        0.5804111  0.80326974
 0.32352942 0.83720934]"
174,0.8478512763977051,0.6868245005607605,0.8025393486022949,0.5291435122489929,0.7746934294700623,0.9497773051261902,"[0.5528409 0.729039  0.5107568 0.8774485 0.5739583 0.7218425 0.6090515
 0.8997681]",0.9408583045005798,0.6643632650375366,0.840624988079071,0.5310957431793213,0.7578241229057312,0.9361360669136047,"[0.47457626 0.72759223 0.41426143 0.1875     0.57992566 0.7947311
 0.28169015 0.8181819 ]"
175,0.8519803881645203,0.6852626800537109,0.800983726978302,0.5290185809135437,0.7716754078865051,0.9491434693336487,"[0.5394096  0.72299284 0.51369685 0.87603307 0.5651613  0.7194501
 0.6106087  0.9125865 ]",0.9250768423080444,0.6688055396080017,0.8369396924972534,0.5345508456230164,0.7638590931892395,0.9382623434066772,"[0.4347826  0.7262774  0.40878376 0.17142858 0.58271605 0.8062771
 0.2580645  0.85714287]"
176,0.8442966341972351,0.693196713924408,0.8091460466384888,0.5416380167007446,0.7767959237098694,0.9501644968986511,"[0.5807736  0.72298867 0.52084374 0.87184614 0.56598854 0.7281897
 0.6277088  0.9098845 ]",0.9432315826416016,0.6638696789741516,0.8366064429283142,0.525666356086731,0.7559101581573486,0.9358011484146118,"[0.4537815  0.7285714  0.4054983  0.1818182  0.58624846 0.79427946
 0.28985506 0.85714287]"
177,0.8394268155097961,0.6934466361999512,0.8086646199226379,0.5375773310661316,0.7793523669242859,0.9508100152015686,"[0.5809739  0.7449894  0.5116162  0.8728558  0.5624513  0.72727275
 0.621256   0.9073171 ]",0.9285222887992859,0.672260582447052,0.8409448862075806,0.527147114276886,0.7624065279960632,0.9378902316093445,"[0.49586776 0.72928184 0.42192692 0.22857143 0.589839   0.80458516
 0.2857143  0.85714287]"
178,0.851895809173584,0.6891360282897949,0.7978456616401672,0.5367651581764221,0.7717105150222778,0.9488773345947266,"[0.5809929  0.7283212  0.51524395 0.85863876 0.569089   0.72612435
 0.6105828  0.9067557 ]",0.9193342328071594,0.673247754573822,0.8381901979446411,0.5394866466522217,0.7651752233505249,0.9391608834266663,"[0.46551725 0.7262774  0.41226575 0.17142858 0.58603495 0.80906147
 0.3188406  0.87804884]"
179,0.8380366563796997,0.6947585344314575,0.8038343787193298,0.5422002673149109,0.7793357372283936,0.9508833885192871,"[0.573375   0.7295757  0.50666666 0.88989675 0.58129346 0.7251639
 0.63035583 0.9014589 ]",0.9169602394104004,0.6707798838615417,0.843317985534668,0.5419545769691467,0.7663747072219849,0.9391639232635498,"[0.47457626 0.72660553 0.4095563  0.24242425 0.58000004 0.8077544
 0.2739726  0.85      ]"
180,0.8386149406433105,0.6923221349716187,0.8052836060523987,0.5446367263793945,0.7803908586502075,0.9507701992988586,"[0.5614731  0.72591645 0.51861167 0.87774444 0.5679461  0.73812544
 0.6208738  0.90937096]",0.9297831654548645,0.672754168510437,0.8432601690292358,0.5310957431793213,0.7616608738899231,0.9377000331878662,"[0.47457626 0.7366483  0.42019543 0.25       0.5895523  0.80479825
 0.27272725 0.87804884]"
181,0.8505678772926331,0.6929468512535095,0.8036724328994751,0.5413881540298462,0.7745353579521179,0.9490841627120972,"[0.57557297 0.7359729  0.5169491  0.8690864  0.5590897  0.7254601
 0.64009607 0.90213203]",0.9181161522865295,0.674234926700592,0.8416602611541748,0.5404738187789917,0.7664952874183655,0.9390733242034912,"[0.47058824 0.73357666 0.4222973  0.1818182  0.58926344 0.8073593
 0.2857143  0.82926834]"
182,0.8374606966972351,0.6937589645385742,0.801986575126648,0.5447616577148438,0.779120147228241,0.9508069753646851,"[0.5745888  0.7328899  0.51855564 0.8717304  0.57387245 0.7240943
 0.6229824  0.9152803 ]",0.9290270805358887,0.6668311953544617,0.838659405708313,0.5310957431793213,0.7609044909477234,0.9376398324966431,"[0.48333338 0.73134327 0.4179105  0.22857143 0.58221686 0.7973713
 0.3188406  0.85714287]"
183,0.835891604423523,0.6945086717605591,0.8048983216285706,0.5440744757652283,0.7790921926498413,0.9510518312454224,"[0.5721635  0.73715883 0.51994985 0.86976045 0.56681204 0.7265803
 0.63572973 0.911157  ]",0.9243384003639221,0.6678183674812317,0.8328267335891724,0.5409674048423767,0.76451575756073,0.9382824301719666,"[0.42372882 0.7246377  0.4068376  0.22857143 0.5802469  0.80587274
 0.3098592  0.85714287]"
184,0.8308612108230591,0.7025051712989807,0.8086702227592468,0.552383303642273,0.7835850119590759,0.9516832828521729,"[0.58349985 0.73196757 0.5374781  0.881688   0.5890234  0.73418367
 0.6366699  0.9112365 ]",0.917627215385437,0.6781836152076721,0.8345978856086731,0.5429417490959167,0.7672165632247925,0.9393779039382935,"[0.45762712 0.7431694  0.41638225 0.22857143 0.58808935 0.8125337
 0.3030303  0.87804884]"
185,0.8258729577064514,0.703067421913147,0.8108649849891663,0.5557568669319153,0.7835409045219421,0.9523323178291321,"[0.58622646 0.7434083  0.5152681  0.87387383 0.5938619  0.7286547
 0.65309054 0.90923035]",0.9327076077461243,0.6683119535446167,0.8339738845825195,0.5355380177497864,0.7604588866233826,0.9372766017913818,"[0.45762712 0.73608613 0.41000003 0.1935484  0.58692974 0.80021894
 0.27272725 0.85714287]"
186,0.8316585421562195,0.7017554640769958,0.808057963848114,0.5575685501098633,0.7833815813064575,0.9513932466506958,"[0.5969561  0.74302876 0.5030395  0.88082117 0.58487654 0.73716474
 0.63695496 0.91504604]",0.9210113286972046,0.6791707873344421,0.8324646353721619,0.5518262386322021,0.7669988870620728,0.9389597773551941,"[0.44444445 0.73357666 0.4249578  0.23529412 0.60321385 0.8104008
 0.28125    0.87804884]"
187,0.8343226909637451,0.6968201398849487,0.8086033463478088,0.5566314458847046,0.7822925448417664,0.9510735869407654,"[0.57888764 0.7319388  0.5038442  0.8762861  0.5786776  0.74011016
 0.6436781  0.9024139 ]",0.9329127669334412,0.6673247814178467,0.8354912400245667,0.5414609909057617,0.7614417672157288,0.9369401335716248,"[0.45       0.7399267  0.4067227  0.2        0.5865385  0.79956067
 0.26865673 0.87804884]"
188,0.835559606552124,0.6930717825889587,0.7997276186943054,0.5503217577934265,0.7790790796279907,0.9508525133132935,"[0.5722461  0.73394495 0.50827605 0.8738647  0.5714286  0.7279206
 0.6348904  0.9051169 ]",0.9133462905883789,0.6786772012710571,0.8355754613876343,0.5518262386322021,0.7696665525436401,0.9397531151771545,"[0.487395   0.73722625 0.4319728  0.1818182  0.5879397  0.8122647
 0.21212122 0.83720934]"
189,0.8304068446159363,0.7015056014060974,0.8056259155273438,0.5564440488815308,0.7824132442474365,0.9514479041099548,"[0.59493303 0.7348936  0.53787315 0.8755667  0.57690316 0.7345996
 0.648949   0.89719146]",0.9162304997444153,0.6757156848907471,0.8332098126411438,0.5547877550125122,0.7674084305763245,0.9392333030700684,"[0.47863248 0.7309091  0.4256757  0.21621622 0.5955335  0.808026
 0.2153846  0.87804884]"
190,0.8433433771133423,0.6943836808204651,0.7977325916290283,0.5538826584815979,0.7752517461776733,0.9496780633926392,"[0.57537335 0.7323704  0.5256767  0.86311024 0.58238345 0.724586
 0.6416366  0.8930591 ]",0.9065467715263367,0.6801579594612122,0.8448918461799622,0.5592300295829773,0.7720834016799927,0.9405199289321899,"[0.4537815  0.7376147  0.43076923 0.1764706  0.5977584  0.8120301
 0.22580646 0.85714287]"
191,0.824690580368042,0.6982570290565491,0.8020377159118652,0.5606297254562378,0.7842327356338501,0.9522743821144104,"[0.5850185  0.737835   0.5084746  0.878849   0.5861183  0.7287921
 0.64992887 0.8969446 ]",0.9064614772796631,0.6791707873344421,0.8440298438072205,0.5582428574562073,0.7719448208808899,0.9406268000602722,"[0.44827583 0.7379679  0.42141625 0.23529412 0.5945274  0.81229776
 0.22580646 0.85714287]"
192,0.8283344507217407,0.7040669918060303,0.8061654567718506,0.5620041489601135,0.7843834757804871,0.9517363905906677,"[0.5842569  0.7393835  0.53690267 0.87613297 0.5771429  0.73976755
 0.65197605 0.9108607 ]",0.9200648069381714,0.6767028570175171,0.8323397636413574,0.5513326525688171,0.7670345902442932,0.9387490153312683,"[0.45217392 0.7340425  0.43252593 0.23529412 0.5913043  0.808026
 0.23188408 0.83720934]"
193,0.8317996263504028,0.6999437808990479,0.8017372488975525,0.5593178272247314,0.7805865406990051,0.95123291015625,"[0.59829056 0.7377363  0.524024   0.8820409  0.5730599  0.7328593
 0.6438487  0.89485925]",0.921671450138092,0.673247754573822,0.8354430198669434,0.5538005828857422,0.7661212682723999,0.9384450316429138,"[0.45217392 0.7224199  0.42662117 0.20512821 0.5960591  0.8056769
 0.25       0.85714287]"
194,0.828163743019104,0.7013181447982788,0.8030750155448914,0.5612544417381287,0.7841178774833679,0.9517472982406616,"[0.5830954  0.7383097  0.5288677  0.8751264  0.5880843  0.72842634
 0.6409211  0.914653  ]",0.9088992476463318,0.6771964430809021,0.8307692408561707,0.5597236156463623,0.7725030779838562,0.9403039813041687,"[0.44827583 0.7295373  0.43103445 0.22857143 0.59193957 0.80906147
 0.2608696  0.85714287]"
195,0.8318653702735901,0.7010682821273804,0.8017945885658264,0.5638158321380615,0.7826805114746094,0.9512323141098022,"[0.57897764 0.7400215  0.5329975  0.87459326 0.58016443 0.7335711
 0.6484949  0.90218234]",0.9131240844726562,0.6762092709541321,0.8327192068099976,0.5577492713928223,0.7706955075263977,0.939656674861908,"[0.46551725 0.73513514 0.41821247 0.1764706  0.59176034 0.8104008
 0.2769231  0.85714287]"
196,0.8152207732200623,0.7066908478736877,0.8119233250617981,0.5717498660087585,0.7914657592773438,0.9533860087394714,"[0.5852535  0.7384156  0.52377355 0.888002   0.58346176 0.74310523
 0.6583253  0.9143003 ]",0.9273638725280762,0.6678183674812317,0.8302446007728577,0.5528134107589722,0.765129566192627,0.9377261400222778,"[0.47154474 0.7383513  0.42016807 0.1764706  0.58168316 0.7975864
 0.28985506 0.85714287]"
197,0.8165457248687744,0.7087523937225342,0.8060899972915649,0.5705628991127014,0.7889932990074158,0.9530762434005737,"[0.580756   0.7458875  0.55925834 0.87160116 0.60253423 0.7320194
 0.65411764 0.9072797 ]",0.921222448348999,0.672260582447052,0.833953857421875,0.5528134107589722,0.7675422430038452,0.9387382864952087,"[0.48275858 0.7353464  0.41666666 0.1935484  0.58676654 0.8034935
 0.29850745 0.85714287]"
198,0.8124338984489441,0.7066908478736877,0.8070051074028015,0.5700006484985352,0.7904472947120667,0.9537721872329712,"[0.59596246 0.7431053  0.51575494 0.88475084 0.5873625  0.73783445
 0.66556376 0.9099331 ]",0.908332884311676,0.673741340637207,0.8366300463676453,0.5636722445487976,0.7711217999458313,0.9403368234634399,"[0.47368425 0.7412844  0.42052978 0.17142858 0.59       0.8045479
 0.28125    0.83720934]"
199,0.8199940323829651,0.7108139991760254,0.8096287846565247,0.5736240148544312,0.7894594073295593,0.9526462554931641,"[0.6070215  0.74399656 0.54405177 0.8813559  0.6012365  0.7367879
 0.66096866 0.9024264 ]",0.9177829027175903,0.6762092709541321,0.8353028297424316,0.5582428574562073,0.76850825548172,0.9390687942504883,"[0.47457626 0.74545455 0.4307179  0.1764706  0.59378874 0.8034839
 0.29411763 0.87804884]"
200,0.8138225674629211,0.7065658569335938,0.8041853308677673,0.5713750123977661,0.7891839742660522,0.9534876942634583,"[0.601255   0.7454858  0.540959   0.876733   0.5835709  0.72950196
 0.64745116 0.91336566]",0.9102636575698853,0.674728512763977,0.8346744775772095,0.5631786584854126,0.7722271084785461,0.9400482773780823,"[0.46666667 0.74999994 0.41414142 0.22222222 0.5854271  0.80606717
 0.29850745 0.87804884]"
201,0.8002373576164246,0.7140625715255737,0.8084185123443604,0.5831198692321777,0.796281099319458,0.9550799131393433,"[0.59886366 0.7485456  0.5478697  0.8900603  0.58665985 0.74240494
 0.67064726 0.91264135]",0.9112502336502075,0.6697927117347717,0.8393782377243042,0.5597236156463623,0.7702304124832153,0.9398276209831238,"[0.46551725 0.7412844  0.42003232 0.1935484  0.5812183  0.8013029
 0.28985506 0.85714287]"
202,0.8065919280052185,0.7085025310516357,0.8038585186004639,0.5778721570968628,0.7916589975357056,0.9542534351348877,"[0.59829056 0.7433362  0.5427362  0.8757485  0.5883581  0.74746966
 0.64807695 0.90843624]",0.9157094955444336,0.672754168510437,0.8283636569976807,0.5621914863586426,0.7688808441162109,0.9393954277038574,"[0.5        0.7381818  0.43117744 0.17142858 0.581864   0.80152255
 0.3188406  0.85714287]"
203,0.7962331175804138,0.7157493829727173,0.81521075963974,0.5859311819076538,0.7974215149879456,0.9556818008422852,"[0.5981735  0.755027   0.55036235 0.875662   0.6082022  0.75147176
 0.66729635 0.905641  ]",0.9346407651901245,0.6633760929107666,0.8175775408744812,0.5463968515396118,0.7602211236953735,0.9368488788604736,"[0.487395   0.7381818  0.4006622  0.22857143 0.59232616 0.7913429
 0.26865673 0.87804884]"
204,0.8096716403961182,0.710564136505127,0.8058685064315796,0.5764977931976318,0.7916025519371033,0.9537707567214966,"[0.59567195 0.7437272  0.5537394  0.87390757 0.58890325 0.74296045
 0.6711217  0.90207255]",0.9071565866470337,0.6771964430809021,0.8346686363220215,0.5656465888023376,0.7717410326004028,0.9403460621833801,"[0.46280995 0.7391304  0.44407347 0.2        0.587484   0.80650413
 0.3098592  0.87804884]"
205,0.8102907538414001,0.7061285972595215,0.8071553111076355,0.5778721570968628,0.790278434753418,0.953667163848877,"[0.59625214 0.742942   0.5434132  0.8735516  0.57799846 0.74911124
 0.65536994 0.8970894 ]",0.9152740836143494,0.6762092709541321,0.8277125954627991,0.5572556853294373,0.7679609656333923,0.9393132328987122,"[0.4918033  0.74725276 0.4370861  0.1818182  0.59102243 0.80284
 0.30555558 0.85714287]"
206,0.8089210987091064,0.7111263871192932,0.8078258037567139,0.5816830396652222,0.7933387160301208,0.9539088606834412,"[0.6146968  0.73798853 0.5299273  0.8832538  0.5858904  0.7544971
 0.66682726 0.9045278 ]",0.9034378528594971,0.6786772012710571,0.8335766196250916,0.5636722445487976,0.773973286151886,0.9406937956809998,"[0.5123967  0.7376147  0.43270868 0.22857143 0.5872021  0.80906147
 0.28985506 0.8181819 ]"
207,0.8031240701675415,0.7106890678405762,0.8102794289588928,0.5869932174682617,0.7955074906349182,0.9543535113334656,"[0.5950367  0.75469226 0.54060787 0.88264793 0.58938193 0.7398666
 0.6625328  0.90755004]",0.914645254611969,0.6757156848907471,0.8231440782546997,0.5582428574562073,0.768485426902771,0.9393799304962158,"[0.5        0.7412844  0.43636367 0.23529412 0.6009853  0.79824555
 0.31428573 0.85714287]"
208,0.8031672239303589,0.7133753895759583,0.8090023398399353,0.5861185789108276,0.7961316108703613,0.9544529914855957,"[0.62008977 0.75122994 0.53698635 0.88387257 0.5917794  0.7309697
 0.6718296  0.90997946]",0.9178459644317627,0.6757156848907471,0.8240405321121216,0.5616979002952576,0.768218994140625,0.9386821389198303,"[0.48333338 0.74509805 0.43853822 0.25       0.5889724  0.8017524
 0.28169015 0.85714287]"
209,0.7945917844772339,0.716998815536499,0.8099974393844604,0.5901793241500854,0.7992576360702515,0.955546498298645,"[0.60724396 0.7573482  0.5456379  0.8811434  0.6075687  0.7379187
 0.66968113 0.9131998 ]",0.9114370942115784,0.6781836152076721,0.8262773752212524,0.5587364435195923,0.7701770663261414,0.9397322535514832,"[0.52100843 0.73952645 0.43648207 0.21428572 0.59222084 0.8065395
 0.2608696  0.87804884]"
210,0.7892141938209534,0.7196226716041565,0.8132218718528748,0.5894296169281006,0.8018213510513306,0.956258237361908,"[0.6287324  0.75521165 0.5502381  0.87830687 0.5985178  0.75019133
 0.6762797  0.9108346 ]",0.9064416885375977,0.6821323037147522,0.8349159955978394,0.5641658306121826,0.7731335163116455,0.9406334161758423,"[0.5        0.73779386 0.4491115  0.2580645  0.59817946 0.8088792
 0.2857143  0.83720934]"
211,0.8047897815704346,0.7130005359649658,0.8123705983161926,0.5883051156997681,0.7959762811660767,0.9541586637496948,"[0.60316557 0.74770844 0.5350921  0.87669855 0.59274507 0.73964196
 0.6853479  0.911659  ]",0.9041551351547241,0.6846001744270325,0.8201438784599304,0.5626850724220276,0.7735609412193298,0.9405356049537659,"[0.5123967  0.73626375 0.43537417 0.26666665 0.60665846 0.8097297
 0.3125     0.85714287]"
212,0.8010573983192444,0.7148747444152832,0.8082543015480042,0.5909289717674255,0.7965294718742371,0.9547713994979858,"[0.6153412  0.7480553  0.55497646 0.87978005 0.6096616  0.7314315
 0.6676273  0.9011329 ]",0.9116941690444946,0.6831194758415222,0.8256747126579285,0.5587364435195923,0.7709787487983704,0.9396594762802124,"[0.51666665 0.73513514 0.4506579  0.2580645  0.5992415  0.80717
 0.31746033 0.83720934]"
213,0.7948099970817566,0.7164990305900574,0.8094341158866882,0.5906790494918823,0.7988777160644531,0.9554136395454407,"[0.6210407  0.7427458  0.5451822  0.88171506 0.5960196  0.74047375
 0.6833412  0.9117496 ]",0.9141286611557007,0.6791707873344421,0.8202165961265564,0.5607107877731323,0.7713072299957275,0.9394014477729797,"[0.47999996 0.74588656 0.44444445 0.26666665 0.5977301  0.80261016
 0.3098592  0.8181819 ]"
214,0.7909340858459473,0.7188729643821716,0.8118109703063965,0.5934278964996338,0.801261305809021,0.9558895230293274,"[0.62143064 0.7454001  0.54344547 0.89335006 0.59720784 0.74790555
 0.6735776  0.9167741 ]",0.9170157313346863,0.6771964430809021,0.8197548389434814,0.5612043142318726,0.7700055837631226,0.9387737512588501,"[0.48333338 0.7450271  0.4390244  0.24242425 0.59154934 0.8050109
 0.28169015 0.83720934]"
215,0.7981900572776794,0.7164990305900574,0.8109490871429443,0.5941150784492493,0.7980841398239136,0.9549960494041443,"[0.62248325 0.7525997  0.53061223 0.8838484  0.6057495  0.7366788
 0.6811872  0.9054089 ]",0.917495608329773,0.674728512763977,0.8247646689414978,0.5621914863586426,0.7686905860900879,0.9388591647148132,"[0.5        0.7441016  0.433657   0.24242425 0.5942572  0.80022013
 0.29850745 0.87804884]"
216,0.7944607734680176,0.7211220264434814,0.8122615218162537,0.5984256863594055,0.8003549575805664,0.95536869764328,"[0.6229602  0.7481243  0.5617588  0.87600005 0.6126033  0.74521965
 0.6866172  0.90460277]",0.9082372784614563,0.6791707873344421,0.8234042525291443,0.573050320148468,0.7738409638404846,0.9398494958877563,"[0.4918033  0.7450271  0.4396694  0.25       0.5956908  0.8052231
 0.28169015 0.85714287]"
217,0.7836720943450928,0.7223089933395386,0.8126952052116394,0.60148686170578,0.8026822805404663,0.9566683769226074,"[0.61932933 0.7644503  0.55502874 0.8828738  0.6074839  0.7508952
 0.681397   0.90457916]",0.9187352061271667,0.6781836152076721,0.8207885026931763,0.5651530027389526,0.7689129114151001,0.9385601282119751,"[0.5079365  0.7445256  0.45853657 0.2580645  0.5862944  0.8004374
 0.32876715 0.85714287]"
218,0.7911180853843689,0.7138127088546753,0.8050287961959839,0.5940526127815247,0.7996090650558472,0.955794095993042,"[0.6102565  0.75561315 0.5456354  0.876104   0.60353214 0.73510444
 0.66934913 0.9043568 ]",0.916348934173584,0.6712734699249268,0.8179871439933777,0.5656465888023376,0.7693442106246948,0.9390201568603516,"[0.46774194 0.7509157  0.42649433 0.24242425 0.5907384  0.7975797
 0.3098592  0.85714287]"
219,0.7871953248977661,0.7235584259033203,0.8099882006645203,0.6018616557121277,0.8038125038146973,0.9562852382659912,"[0.62006766 0.75429064 0.55934715 0.8836974  0.6143555  0.7453799
 0.686041   0.9174359 ]",0.9000535011291504,0.6865745186805725,0.8290960192680359,0.5794669389724731,0.7771520018577576,0.9409345388412476,"[0.516129   0.75272727 0.45454544 0.24242425 0.5966709  0.80906147
 0.32876715 0.83720934]"
220,0.7906625270843506,0.7182482481002808,0.809249997138977,0.5979259014129639,0.8007325530052185,0.9556857943534851,"[0.6267822  0.7572441  0.54758924 0.8816388  0.60515463 0.7455561
 0.6684415  0.9041592 ]",0.9084516167640686,0.6846001744270325,0.8155339956283569,0.5804541110992432,0.773971676826477,0.9401454925537109,"[0.5230769  0.75182486 0.44856665 0.3030303  0.59801495 0.8063284
 0.32352942 0.87804884]"
221,0.767004132270813,0.7294933199882507,0.8171385526657104,0.609420895576477,0.8104419708251953,0.9587916731834412,"[0.63073957 0.7635253  0.56296664 0.8902256  0.6159458  0.75250065
 0.69598657 0.9138153 ]",0.890336275100708,0.6880552768707275,0.8181818127632141,0.5819348692893982,0.7811051607131958,0.9425879716873169,"[0.46774194 0.74637675 0.44750425 0.2580645  0.59438777 0.81497324
 0.3478261  0.87804884]"
222,0.7768540382385254,0.7268069982528687,0.8110888004302979,0.6059224009513855,0.8064982891082764,0.9573318958282471,"[0.6268908  0.77027327 0.55968106 0.8813814  0.6198347  0.75419855
 0.6747967  0.9164087 ]",0.9080370664596558,0.6811451315879822,0.8174825310707092,0.5769990086555481,0.7746735215187073,0.9398301243782043,"[0.4769231  0.75539565 0.43507588 0.2580645  0.5916561  0.80694145
 0.3283582  0.85      ]"
